PNR No,frmstat,tostat,Passenger ID,Date Booked,Date of Travel,Flight Reg Number,Class Code,YEAR,MONTH
4567,8,8,40,17-03-2014,18-07-2014,103,1,2014,7
4568,5,7,4,12-07-2014,15-09-2014,105,1,2014,9
4569,7,3,34,18-11-2014,02-04-2015,105,2,2015,4
4570,6,5,16,26-04-2014,03-08-2014,102,2,2014,8
4571,2,9,20,19-07-2014,07-01-2015,102,2,2015,1
4572,4,5,10,13-03-2015,30-04-2015,102,2,2015,4
4573,2,2,36,30-01-2015,12-06-2015,104,1,2015,6
4574,1,1,21,21-03-2015,16-06-2015,104,2,2015,6
4575,4,5,50,09-04-2014,09-09-2014,105,2,2014,9
4576,3,6,35,05-08-2014,15-10-2014,100,1,2014,10
4577,1,8,7,24-05-2014,17-07-2014,103,2,2014,7
4578,1,4,26,08-12-2014,02-02-2015,101,1,2015,2
4579,4,10,12,28-05-2014,02-09-2014,101,2,2014,9
4580,3,8,14,22-08-2014,15-10-2014,100,1,2014,10
4581,5,2,24,09-09-2014,14-12-2014,101,1,2014,12
4582,9,6,40,20-08-2014,22-11-2014,103,2,2014,11
4583,1,1,22,18-05-2014,25-09-2014,101,2,2014,9
4584,2,1,26,30-08-2014,20-10-2014,104,2,2014,10
4585,6,1,10,08-02-2015,14-06-2015,102,2,2015,6
4586,10,3,25,20-04-2015,10-06-2015,102,2,2015,6
4587,9,7,23,04-05-2014,18-08-2014,101,2,2014,8
4588,3,10,17,30-11-2014,14-03-2015,103,1,2015,3
4589,9,1,30,08-02-2014,11-07-2014,101,2,2014,7
4590,10,9,21,07-09-2014,18-01-2015,105,1,2015,1
4591,9,8,15,10-06-2014,10-07-2014,104,2,2014,7
4592,9,4,5,25-04-2014,18-09-2014,100,1,2014,9
4593,3,6,19,20-08-2014,08-10-2014,101,1,2014,10
4594,9,7,50,05-09-2014,07-12-2014,104,1,2014,12
4595,1,1,19,03-02-2015,16-05-2015,102,1,2015,5
4596,4,2,40,26-01-2014,25-07-2014,100,1,2014,7
4597,1,6,44,23-10-2014,11-04-2015,104,2,2015,4
4598,9,7,35,10-02-2015,16-04-2015,102,2,2015,4
4599,7,3,30,08-09-2014,27-12-2014,103,1,2014,12
4600,4,10,46,04-03-2014,15-07-2014,105,1,2014,7
4601,5,8,21,06-02-2015,02-05-2015,104,1,2015,5
4602,7,2,23,24-06-2014,22-09-2014,102,1,2014,9
4603,6,4,10,02-09-2014,30-01-2015,102,2,2015,1
4604,2,8,9,02-12-2014,04-04-2015,102,2,2015,4
4605,1,1,43,11-11-2014,10-05-2015,101,1,2015,5
4606,4,7,10,12-10-2014,17-01-2015,103,1,2015,1
4607,2,10,34,12-06-2014,14-07-2014,104,1,2014,7
4608,7,9,9,23-09-2014,25-11-2014,105,1,2014,11
4609,2,9,36,24-07-2014,12-01-2015,100,1,2015,1
4610,4,3,23,08-01-2015,18-02-2015,104,2,2015,2
4611,9,7,50,15-08-2014,31-12-2014,104,1,2014,12
4612,1,5,7,01-01-2015,19-02-2015,103,1,2015,2
4613,8,9,48,25-06-2014,02-08-2014,103,1,2014,8
4614,6,1,33,21-01-2015,26-04-2015,105,1,2015,4
4615,7,2,38,04-05-2015,19-06-2015,105,1,2015,6
4616,6,2,32,15-11-2014,22-12-2014,101,1,2014,12
4617,8,5,41,12-12-2014,10-03-2015,103,1,2015,3
4618,9,7,25,10-10-2014,12-03-2015,105,1,2015,3
4619,2,7,41,09-04-2015,08-06-2015,100,1,2015,6
4620,10,3,36,17-02-2014,16-08-2014,105,2,2014,8
4621,8,5,35,11-05-2014,29-07-2014,105,1,2014,7
4622,5,2,37,08-06-2014,25-07-2014,102,2,2014,7
4623,1,6,7,04-03-2015,16-05-2015,102,2,2015,5
4624,9,9,24,31-10-2014,23-03-2015,101,1,2015,3
4625,4,1,27,31-10-2014,21-12-2014,102,1,2014,12
4626,4,7,31,18-06-2014,10-11-2014,100,2,2014,11
4627,9,5,24,18-03-2015,30-04-2015,102,1,2015,4
4628,1,10,7,21-06-2014,29-07-2014,100,1,2014,7
4629,7,3,15,25-09-2014,05-03-2015,105,2,2015,3
4630,6,6,21,28-10-2014,15-03-2015,104,1,2015,3
4631,6,8,42,16-03-2014,13-07-2014,103,1,2014,7
4632,4,2,24,06-05-2014,04-09-2014,105,2,2014,9
4633,9,3,14,20-12-2014,24-02-2015,100,2,2015,2
4634,9,3,34,16-01-2015,28-05-2015,100,2,2015,5
4635,2,4,25,22-10-2014,06-04-2015,103,1,2015,4
4636,2,8,36,24-03-2014,10-09-2014,103,2,2014,9
4637,5,2,28,29-05-2014,28-09-2014,104,1,2014,9
4638,10,2,28,11-02-2015,06-05-2015,100,1,2015,5
4639,4,6,17,12-11-2014,31-12-2014,104,1,2014,12
4640,6,9,20,08-02-2015,20-04-2015,103,2,2015,4
4641,7,1,40,06-04-2014,08-08-2014,101,1,2014,8
4642,5,8,35,25-07-2014,30-08-2014,101,2,2014,8
4643,6,3,21,02-10-2014,30-12-2014,100,1,2014,12
4644,10,4,46,02-12-2014,28-01-2015,105,2,2015,1
4645,8,9,15,30-03-2014,15-07-2014,100,1,2014,7
4646,10,9,23,01-07-2014,21-10-2014,103,1,2014,10
4647,1,7,48,27-06-2014,25-08-2014,103,1,2014,8
4648,2,4,43,24-06-2014,01-12-2014,100,2,2014,12
4649,10,9,11,26-01-2015,04-03-2015,101,2,2015,3
4650,7,2,45,27-03-2015,20-05-2015,100,1,2015,5
4651,2,7,41,30-07-2014,22-01-2015,104,1,2015,1
4652,8,5,47,27-12-2014,11-05-2015,101,2,2015,5
4653,9,2,8,27-11-2014,21-02-2015,105,2,2015,2
4654,2,2,22,07-08-2014,07-12-2014,102,1,2014,12
4655,9,5,1,03-09-2014,05-12-2014,102,2,2014,12
4656,9,3,13,14-01-2015,19-04-2015,105,2,2015,4
4657,1,3,16,17-02-2015,08-05-2015,101,1,2015,5
4658,1,7,13,07-12-2014,06-04-2015,103,2,2015,4
4659,3,6,45,01-02-2015,29-05-2015,103,1,2015,5
4660,3,6,18,21-02-2015,21-06-2015,103,2,2015,6
4661,5,10,34,04-09-2014,29-10-2014,104,1,2014,10
4662,6,7,5,29-03-2015,01-05-2015,101,2,2015,5
4663,10,6,39,20-07-2014,02-11-2014,102,2,2014,11
4664,3,4,7,30-11-2014,28-01-2015,100,2,2015,1
4665,5,1,8,28-08-2014,25-01-2015,102,1,2015,1
4666,1,6,37,27-10-2014,25-02-2015,102,2,2015,2
4667,6,10,23,17-09-2014,10-02-2015,101,1,2015,2
4668,6,3,36,08-01-2015,11-04-2015,102,1,2015,4
4669,8,9,31,22-05-2014,14-10-2014,104,2,2014,10
4670,5,9,19,26-06-2014,12-10-2014,103,2,2014,10
4671,9,9,4,22-05-2014,31-10-2014,105,2,2014,10
4672,7,1,33,26-08-2014,15-01-2015,104,1,2015,1
4673,8,8,10,03-01-2015,11-03-2015,105,1,2015,3
4674,10,2,39,08-10-2014,13-01-2015,105,1,2015,1
4675,6,8,35,21-05-2014,01-09-2014,100,2,2014,9
4676,1,6,38,14-06-2014,07-09-2014,102,2,2014,9
4677,6,10,39,28-02-2015,04-04-2015,103,1,2015,4
4678,4,2,46,19-12-2014,28-04-2015,105,2,2015,4
4679,3,9,6,30-03-2015,12-06-2015,100,1,2015,6
4680,4,5,13,24-05-2014,09-07-2014,105,2,2014,7
4681,9,3,48,14-11-2014,02-03-2015,102,1,2015,3
4682,3,9,42,07-06-2014,30-08-2014,104,2,2014,8
4683,7,9,12,22-01-2015,30-05-2015,103,2,2015,5
4684,3,6,8,22-08-2014,04-01-2015,100,2,2015,1
4685,9,6,22,26-10-2014,26-01-2015,101,2,2015,1
4686,2,3,37,14-04-2015,23-06-2015,105,1,2015,6
4687,1,3,14,29-05-2014,01-11-2014,101,1,2014,11
4688,9,7,20,22-03-2014,16-07-2014,102,1,2014,7
4689,10,9,34,27-08-2014,06-11-2014,103,2,2014,11
4690,8,2,41,24-07-2014,05-10-2014,102,2,2014,10
4691,3,3,47,08-06-2014,03-08-2014,103,1,2014,8
4692,6,8,19,22-05-2014,29-08-2014,102,1,2014,8
4693,9,5,35,02-12-2014,21-01-2015,105,1,2015,1
4694,4,2,22,05-03-2015,25-04-2015,101,2,2015,4
4695,8,4,38,28-02-2015,30-05-2015,104,1,2015,5
4696,10,8,19,25-09-2014,06-01-2015,104,1,2015,1
4697,2,1,30,01-04-2015,10-05-2015,101,1,2015,5
4698,8,7,33,09-06-2014,25-11-2014,102,2,2014,11
4699,10,2,10,17-01-2015,15-03-2015,100,1,2015,3
4700,4,5,31,26-06-2014,27-11-2014,100,1,2014,11
4701,7,3,7,26-03-2015,28-05-2015,102,2,2015,5
4702,1,10,47,07-09-2014,19-12-2014,103,1,2014,12
4703,2,9,34,30-07-2014,24-12-2014,105,1,2014,12
4704,10,2,49,23-11-2014,30-03-2015,105,1,2015,3
4705,8,9,4,18-09-2014,18-10-2014,103,1,2014,10
4706,1,4,45,29-07-2014,27-12-2014,105,1,2014,12
4707,2,4,41,01-03-2015,25-05-2015,100,2,2015,5
4708,2,1,46,13-12-2014,14-02-2015,105,1,2015,2
4709,6,4,4,08-09-2014,29-01-2015,103,2,2015,1
4710,2,9,4,31-01-2014,13-07-2014,101,2,2014,7
4711,3,5,48,24-09-2014,07-02-2015,100,2,2015,2
4712,4,4,50,31-08-2014,07-10-2014,100,1,2014,10
4713,10,10,45,13-03-2014,05-09-2014,105,1,2014,9
4714,4,7,48,14-09-2014,07-11-2014,104,2,2014,11
4715,4,1,26,13-09-2014,21-02-2015,101,1,2015,2
4716,9,6,17,18-09-2014,14-02-2015,105,2,2015,2
4717,6,4,31,19-09-2014,11-11-2014,104,1,2014,11
4718,7,4,4,21-11-2014,29-04-2015,103,2,2015,4
4719,2,1,27,07-12-2014,26-04-2015,102,2,2015,4
4720,5,2,46,02-01-2015,03-02-2015,100,1,2015,2
4721,10,1,21,28-11-2014,23-05-2015,102,2,2015,5
4722,4,5,16,08-06-2014,04-11-2014,105,2,2014,11
4723,6,1,46,13-09-2014,27-12-2014,101,1,2014,12
4724,10,10,41,03-05-2014,22-09-2014,100,1,2014,9
4725,10,5,28,23-11-2014,18-03-2015,104,2,2015,3
4726,7,10,16,21-09-2014,11-01-2015,105,2,2015,1
4727,6,7,42,31-12-2014,11-03-2015,103,1,2015,3
4728,9,1,11,06-12-2014,17-04-2015,103,1,2015,4
4729,5,3,39,11-06-2014,22-08-2014,100,2,2014,8
4730,10,6,15,01-04-2015,15-05-2015,102,1,2015,5
4731,2,9,37,22-12-2014,13-04-2015,105,2,2015,4
4732,9,8,21,27-06-2014,30-08-2014,100,2,2014,8
4733,4,2,8,17-04-2014,29-09-2014,100,2,2014,9
4734,4,10,17,04-06-2014,05-09-2014,101,1,2014,9
4735,7,6,31,05-10-2014,22-03-2015,102,2,2015,3
4736,5,10,11,09-01-2015,19-04-2015,103,1,2015,4
4737,6,5,6,19-04-2014,19-07-2014,104,2,2014,7
4738,2,8,6,21-07-2014,13-11-2014,100,1,2014,11
4739,4,3,15,23-08-2014,01-10-2014,105,2,2014,10
4740,9,1,11,05-05-2014,26-07-2014,102,2,2014,7
4741,9,9,5,07-09-2014,22-12-2014,103,2,2014,12
4742,3,5,10,31-10-2014,12-02-2015,101,2,2015,2
4743,1,8,9,01-01-2015,07-06-2015,100,2,2015,6
4744,5,9,21,28-11-2014,06-05-2015,102,2,2015,5
4745,9,4,24,01-10-2014,20-03-2015,100,2,2015,3
4746,6,4,10,12-09-2014,12-02-2015,104,1,2015,2
4747,8,6,18,08-03-2014,09-07-2014,103,2,2014,7
4748,1,5,19,02-05-2014,20-08-2014,100,1,2014,8
4749,6,7,28,21-05-2014,03-10-2014,105,1,2014,10
4750,8,1,36,28-04-2014,16-09-2014,103,1,2014,9
4751,10,9,34,19-12-2014,11-04-2015,101,2,2015,4
4752,7,7,50,31-10-2014,31-12-2014,105,2,2014,12
4753,4,10,36,30-04-2014,31-08-2014,102,2,2014,8
4754,1,7,19,25-05-2014,10-07-2014,105,1,2014,7
4755,3,7,5,09-09-2014,03-02-2015,105,1,2015,2
4756,2,10,41,14-05-2014,09-07-2014,103,1,2014,7
4757,6,10,11,24-12-2014,06-04-2015,100,1,2015,4
4758,1,8,3,01-01-2015,21-06-2015,105,1,2015,6
4759,4,1,37,16-03-2014,29-08-2014,105,1,2014,8
4760,3,8,11,27-04-2014,22-08-2014,104,2,2014,8
4761,8,10,7,03-04-2015,26-05-2015,101,1,2015,5
4762,7,7,26,05-06-2014,08-10-2014,100,2,2014,10
4763,7,8,36,30-09-2014,23-12-2014,103,2,2014,12
4764,6,3,9,10-08-2014,13-10-2014,102,2,2014,10
4765,4,8,10,24-05-2014,15-07-2014,102,1,2014,7
4766,8,3,48,15-03-2015,20-04-2015,101,2,2015,4
4767,8,7,22,25-01-2015,11-04-2015,101,1,2015,4
4768,1,5,12,23-11-2014,22-02-2015,104,2,2015,2
4769,9,1,42,25-06-2014,27-08-2014,104,1,2014,8
4770,2,7,47,11-03-2015,01-05-2015,103,2,2015,5
4771,7,10,3,15-08-2014,21-01-2015,102,1,2015,1
4772,5,7,19,16-04-2015,04-06-2015,105,2,2015,6
4773,1,3,42,25-05-2014,08-10-2014,101,2,2014,10
4774,3,7,30,07-05-2014,20-08-2014,105,1,2014,8
4775,1,9,35,09-09-2014,25-12-2014,100,1,2014,12
4776,1,5,39,18-10-2014,10-02-2015,101,2,2015,2
4777,4,1,48,17-10-2014,22-02-2015,103,1,2015,2
4778,10,6,45,22-11-2014,25-01-2015,105,1,2015,1
4779,9,7,8,23-08-2014,01-01-2015,102,1,2015,1
4780,2,1,49,25-09-2014,29-11-2014,103,1,2014,11
4781,2,9,31,11-11-2014,11-03-2015,104,1,2015,3
4782,5,9,39,18-12-2014,18-05-2015,103,1,2015,5
4783,9,8,22,09-08-2014,11-12-2014,104,2,2014,12
4784,4,8,32,04-09-2014,05-01-2015,102,1,2015,1
4785,2,7,11,14-07-2014,07-11-2014,100,2,2014,11
4786,2,3,3,03-04-2015,17-05-2015,105,2,2015,5
4787,2,8,12,28-06-2014,11-10-2014,104,2,2014,10
4788,7,7,26,06-02-2015,10-05-2015,103,2,2015,5
4789,9,7,48,30-07-2014,01-01-2015,103,2,2015,1
4790,2,8,34,11-11-2014,16-03-2015,102,2,2015,3
4791,9,5,10,12-12-2014,09-02-2015,105,1,2015,2
4792,8,2,24,20-07-2014,29-08-2014,101,2,2014,8
4793,7,7,30,06-07-2014,26-09-2014,103,2,2014,9
4794,4,10,40,02-07-2014,05-10-2014,102,2,2014,10
4795,9,7,33,22-10-2014,05-02-2015,105,2,2015,2
4796,9,2,49,22-02-2014,19-08-2014,102,2,2014,8
4797,6,9,34,09-12-2014,01-02-2015,104,1,2015,2
4798,7,6,8,22-11-2014,06-03-2015,104,1,2015,3
4799,6,6,50,08-11-2014,09-02-2015,105,1,2015,2
4800,5,5,42,04-12-2014,14-04-2015,102,1,2015,4
4801,9,6,17,01-05-2014,17-09-2014,100,1,2014,9
4802,10,9,44,20-04-2015,21-06-2015,105,2,2015,6
4803,4,6,25,09-01-2015,06-05-2015,102,2,2015,5
4804,1,9,27,22-06-2014,04-11-2014,104,2,2014,11
4805,2,6,1,22-08-2014,06-11-2014,101,1,2014,11
4806,1,6,39,03-05-2014,11-07-2014,103,1,2014,7
4807,10,5,2,07-09-2014,24-01-2015,103,1,2015,1
4808,1,10,33,06-11-2014,01-01-2015,105,1,2015,1
4809,7,2,26,09-04-2014,03-08-2014,104,1,2014,8
4810,3,9,31,08-12-2014,08-05-2015,104,1,2015,5
4811,5,9,14,24-11-2014,01-03-2015,105,1,2015,3
4812,4,7,15,06-09-2014,09-02-2015,105,1,2015,2
4813,10,4,12,20-04-2014,17-09-2014,100,1,2014,9
4814,8,7,12,28-10-2014,10-02-2015,105,1,2015,2
4815,10,6,42,29-10-2014,13-12-2014,101,1,2014,12
4816,9,5,9,10-02-2014,01-08-2014,102,1,2014,8
4817,7,7,13,19-05-2014,24-07-2014,100,1,2014,7
4818,6,9,35,11-01-2015,24-02-2015,104,2,2015,2
4819,2,4,8,28-09-2014,06-01-2015,103,1,2015,1
4820,4,8,23,08-09-2014,30-10-2014,103,2,2014,10
4821,10,9,10,12-09-2014,01-03-2015,100,1,2015,3
4822,3,2,13,19-10-2014,25-12-2014,101,1,2014,12
4823,2,5,29,18-02-2015,16-06-2015,104,2,2015,6
4824,1,6,14,29-10-2014,24-02-2015,101,1,2015,2
4825,10,9,46,08-01-2015,07-04-2015,100,1,2015,4
4826,1,7,10,31-07-2014,17-11-2014,101,2,2014,11
4827,4,1,31,22-03-2014,27-07-2014,104,1,2014,7
4828,7,9,13,25-11-2014,26-04-2015,104,1,2015,4
4829,2,7,4,26-02-2015,14-05-2015,103,1,2015,5
4830,9,4,36,26-10-2014,29-11-2014,103,1,2014,11
4831,9,5,42,03-12-2014,03-02-2015,100,1,2015,2
4832,5,6,11,29-11-2014,12-04-2015,101,2,2015,4
4833,9,6,35,27-07-2014,05-10-2014,101,2,2014,10
4834,1,5,10,24-01-2015,23-06-2015,101,2,2015,6
4835,2,8,28,27-06-2014,08-11-2014,104,1,2014,11
4836,2,4,47,17-07-2014,23-10-2014,102,2,2014,10
4837,1,3,3,05-12-2014,03-03-2015,102,1,2015,3
4838,10,10,36,22-09-2014,14-01-2015,102,2,2015,1
4839,3,5,7,01-05-2014,27-07-2014,100,1,2014,7
4840,9,1,36,29-10-2014,23-01-2015,105,1,2015,1
4841,2,8,5,18-09-2014,21-02-2015,100,2,2015,2
4842,2,2,22,19-12-2014,04-03-2015,105,2,2015,3
4843,5,2,16,18-07-2014,30-12-2014,103,1,2014,12
4844,6,10,23,23-05-2014,09-11-2014,105,1,2014,11
4845,8,3,47,17-07-2014,27-09-2014,104,2,2014,9
4846,7,9,5,25-10-2014,06-02-2015,102,1,2015,2
4847,6,6,35,03-09-2014,27-10-2014,100,1,2014,10
4848,7,8,11,02-10-2014,26-01-2015,104,2,2015,1
4849,10,3,43,19-05-2014,16-10-2014,103,1,2014,10
4850,10,10,18,02-03-2015,08-04-2015,102,2,2015,4
4851,4,7,48,13-08-2014,26-10-2014,105,1,2014,10
4852,10,10,14,03-11-2014,24-12-2014,101,1,2014,12
4853,2,7,34,09-02-2015,09-05-2015,103,2,2015,5
4854,6,8,44,01-02-2014,31-07-2014,105,2,2014,7
4855,10,4,15,16-07-2014,22-12-2014,101,1,2014,12
4856,4,10,23,21-12-2014,03-03-2015,103,2,2015,3
4857,2,8,29,30-03-2014,22-07-2014,105,2,2014,7
4858,3,3,38,08-12-2014,13-05-2015,101,2,2015,5
4859,7,3,33,24-07-2014,26-12-2014,103,1,2014,12
4860,2,4,14,27-05-2014,24-10-2014,104,1,2014,10
4861,8,2,27,14-08-2014,01-12-2014,101,2,2014,12
4862,8,3,48,24-10-2014,23-11-2014,100,1,2014,11
4863,6,10,27,25-06-2014,23-08-2014,105,1,2014,8
4864,6,9,10,05-11-2014,07-01-2015,105,2,2015,1
4865,8,2,36,23-04-2015,29-05-2015,105,1,2015,5
4866,10,7,9,16-03-2014,18-07-2014,103,1,2014,7
4867,8,1,46,29-06-2014,25-11-2014,104,1,2014,11
4868,1,9,45,18-04-2014,10-07-2014,105,1,2014,7
4869,5,3,7,10-02-2015,22-05-2015,102,1,2015,5
4870,8,9,43,03-03-2014,11-08-2014,103,1,2014,8
4871,7,1,22,28-09-2014,06-11-2014,104,1,2014,11
4872,4,10,28,09-02-2015,19-05-2015,104,2,2015,5
4873,3,10,21,03-08-2014,06-01-2015,100,1,2015,1
4874,6,6,35,05-07-2014,12-08-2014,105,2,2014,8
4875,1,2,18,20-09-2014,18-11-2014,101,1,2014,11
4876,7,6,32,01-12-2014,22-04-2015,102,1,2015,4
4877,7,8,41,23-08-2014,16-10-2014,100,2,2014,10
4878,1,7,14,19-12-2014,18-01-2015,100,1,2015,1
4879,9,2,19,26-12-2014,20-03-2015,100,2,2015,3
4880,8,4,39,20-02-2015,08-06-2015,101,2,2015,6
4881,6,3,32,11-09-2014,28-01-2015,105,1,2015,1
4882,2,9,44,31-07-2014,19-01-2015,100,2,2015,1
4883,3,1,11,02-03-2014,18-08-2014,104,1,2014,8
4884,8,10,33,02-02-2015,03-05-2015,102,2,2015,5
4885,2,7,15,16-07-2014,04-10-2014,105,1,2014,10
4886,10,7,15,04-08-2014,29-11-2014,104,2,2014,11
4887,9,7,44,24-06-2014,09-11-2014,102,2,2014,11
4888,2,8,11,15-07-2014,08-10-2014,101,2,2014,10
4889,10,3,18,24-07-2014,27-10-2014,105,1,2014,10
4890,1,9,42,15-08-2014,14-01-2015,105,2,2015,1
4891,7,9,38,01-08-2014,11-09-2014,104,2,2014,9
4892,1,1,21,22-02-2015,13-04-2015,100,1,2015,4
4893,4,2,4,28-07-2014,05-10-2014,101,1,2014,10
4894,8,7,13,05-01-2015,15-03-2015,103,1,2015,3
4895,10,5,23,18-03-2015,09-05-2015,103,1,2015,5
4896,1,10,49,23-03-2014,13-08-2014,104,2,2014,8
4897,1,5,23,29-12-2014,18-04-2015,102,2,2015,4
4898,5,4,1,25-11-2014,22-05-2015,103,2,2015,5
4899,5,3,36,10-10-2014,15-12-2014,101,1,2014,12
4900,1,9,38,16-12-2014,20-03-2015,102,1,2015,3
4901,6,6,36,06-11-2014,16-03-2015,104,2,2015,3
4902,1,4,11,10-02-2015,15-05-2015,103,2,2015,5
4903,9,3,48,09-05-2014,13-09-2014,104,1,2014,9
4904,6,9,13,18-08-2014,21-09-2014,100,2,2014,9
4905,5,8,45,04-10-2014,01-01-2015,105,1,2015,1
4906,10,9,42,07-12-2014,08-02-2015,100,1,2015,2
4907,5,8,13,23-02-2015,28-05-2015,105,2,2015,5
4908,8,9,11,26-08-2014,13-12-2014,101,1,2014,12
4909,10,7,1,20-03-2014,04-07-2014,105,2,2014,7
4910,6,3,38,17-05-2014,08-08-2014,100,2,2014,8
4911,3,6,35,04-01-2015,14-02-2015,100,2,2015,2
4912,3,2,22,23-10-2014,06-02-2015,104,2,2015,2
4913,1,8,50,02-02-2015,29-03-2015,105,1,2015,3
4914,7,10,35,06-12-2014,26-04-2015,103,2,2015,4
4915,3,2,2,07-08-2014,04-10-2014,101,2,2014,10
4916,3,1,49,07-03-2015,22-05-2015,101,2,2015,5
4917,6,2,41,16-06-2014,08-10-2014,101,1,2014,10
4918,7,1,20,24-03-2014,24-07-2014,104,2,2014,7
4919,8,3,20,23-06-2014,11-08-2014,103,2,2014,8
4920,7,2,7,23-09-2014,21-03-2015,104,2,2015,3
4921,8,3,47,27-06-2014,05-10-2014,100,2,2014,10
4922,2,5,2,04-02-2015,07-03-2015,104,1,2015,3
4923,1,2,14,17-09-2014,24-11-2014,104,2,2014,11
4924,4,9,20,13-05-2014,14-08-2014,100,2,2014,8
4925,1,9,24,27-04-2014,20-09-2014,101,2,2014,9
4926,3,6,50,02-09-2014,05-01-2015,101,1,2015,1
4927,9,6,37,29-10-2014,07-02-2015,103,1,2015,2
4928,5,5,46,06-07-2014,07-09-2014,103,1,2014,9
4929,9,9,4,21-12-2014,18-03-2015,102,2,2015,3
4930,6,1,28,24-02-2014,05-07-2014,103,2,2014,7
4931,2,2,19,03-02-2014,22-07-2014,100,2,2014,7
4932,6,1,38,09-09-2014,25-11-2014,102,2,2014,11
4933,8,4,2,11-10-2014,30-01-2015,103,1,2015,1
4934,3,3,46,13-05-2014,06-07-2014,101,2,2014,7
4935,6,2,36,22-09-2014,01-12-2014,105,2,2014,12
4936,4,6,25,17-12-2014,23-01-2015,100,2,2015,1
4937,10,4,35,04-10-2014,23-11-2014,102,1,2014,11
4938,7,6,5,24-09-2014,16-02-2015,105,1,2015,2
4939,9,4,30,20-05-2014,04-07-2014,103,2,2014,7
4940,8,8,28,07-08-2014,24-09-2014,100,1,2014,9
4941,8,8,3,25-12-2014,30-05-2015,104,2,2015,5
4942,7,7,33,13-10-2014,14-12-2014,105,1,2014,12
4943,10,9,41,26-04-2014,10-07-2014,102,1,2014,7
4944,9,8,35,20-03-2014,08-07-2014,105,2,2014,7
4945,8,2,29,26-05-2014,28-08-2014,103,1,2014,8
4946,8,2,3,06-05-2014,01-10-2014,101,2,2014,10
4947,2,10,12,08-08-2014,12-12-2014,105,1,2014,12
4948,4,6,36,24-10-2014,06-12-2014,104,1,2014,12
4949,7,3,9,07-06-2014,21-10-2014,104,2,2014,10
4950,3,3,43,07-04-2015,07-05-2015,105,2,2015,5
4951,1,7,30,05-03-2015,23-06-2015,103,1,2015,6
4952,1,6,21,03-11-2014,01-02-2015,100,1,2015,2
4953,9,7,19,06-06-2014,16-11-2014,100,1,2014,11
4954,3,6,42,22-08-2014,07-10-2014,103,2,2014,10
4955,10,10,38,02-07-2014,03-12-2014,103,1,2014,12
4956,1,2,12,20-04-2014,07-08-2014,101,1,2014,8
4957,1,1,41,19-05-2014,01-08-2014,100,2,2014,8
4958,6,5,9,08-10-2014,03-12-2014,102,1,2014,12
4959,6,1,38,03-11-2014,18-04-2015,105,2,2015,4
4960,5,2,13,27-01-2015,14-04-2015,105,1,2015,4
4961,1,10,20,27-05-2014,15-09-2014,100,2,2014,9
4962,8,6,19,01-04-2014,31-07-2014,101,1,2014,7
4963,2,5,26,08-07-2014,08-11-2014,104,1,2014,11
4964,2,1,7,25-05-2014,19-07-2014,102,1,2014,7
4965,9,1,17,19-08-2014,23-12-2014,101,2,2014,12
4966,7,6,8,13-03-2014,10-08-2014,105,1,2014,8
4967,2,1,37,07-09-2014,18-10-2014,105,1,2014,10
4968,2,7,44,17-10-2014,29-11-2014,104,2,2014,11
4969,1,2,10,18-03-2014,03-09-2014,101,2,2014,9
4970,3,5,1,25-02-2015,16-06-2015,105,2,2015,6
4971,10,8,39,04-10-2014,05-03-2015,105,1,2015,3
4972,9,5,31,15-11-2014,11-01-2015,105,1,2015,1
4973,7,8,3,29-07-2014,20-12-2014,102,2,2014,12
4974,2,6,17,14-12-2014,17-03-2015,105,2,2015,3
4975,7,8,17,04-05-2014,28-09-2014,100,1,2014,9
4976,5,7,26,22-03-2014,09-09-2014,105,2,2014,9
4977,7,3,16,09-04-2014,23-08-2014,105,1,2014,8
4978,6,10,26,28-05-2014,22-10-2014,100,2,2014,10
4979,5,7,25,23-04-2014,06-08-2014,104,1,2014,8
4980,4,5,31,26-12-2014,19-02-2015,101,2,2015,2
4981,7,4,29,18-12-2014,04-02-2015,102,1,2015,2
4982,1,1,32,19-02-2014,14-08-2014,103,2,2014,8
4983,7,10,50,06-08-2014,12-11-2014,100,2,2014,11
4984,4,9,31,16-06-2014,23-08-2014,102,2,2014,8
4985,4,4,34,05-10-2014,17-03-2015,101,1,2015,3
4986,4,9,4,23-08-2014,03-10-2014,102,1,2014,10
4987,3,7,22,28-04-2015,23-06-2015,102,2,2015,6
4988,8,1,31,26-07-2014,08-01-2015,101,2,2015,1
4989,3,3,49,02-02-2015,28-03-2015,105,2,2015,3
4990,1,6,43,16-05-2014,18-10-2014,105,2,2014,10
4991,10,3,20,12-07-2014,11-12-2014,103,1,2014,12
4992,10,2,43,03-09-2014,28-01-2015,105,2,2015,1
4993,8,1,41,07-11-2014,28-12-2014,104,2,2014,12
4994,8,10,47,11-03-2014,05-07-2014,105,2,2014,7
4995,10,1,38,24-01-2015,06-05-2015,104,2,2015,5
4996,1,3,38,05-09-2014,19-01-2015,101,2,2015,1
4997,7,7,11,25-10-2014,23-12-2014,100,1,2014,12
4998,8,6,8,06-09-2014,15-12-2014,100,1,2014,12
4999,3,7,35,23-12-2014,20-02-2015,105,2,2015,2
5000,4,3,28,16-09-2014,12-03-2015,105,1,2015,3
5001,8,6,22,20-01-2015,25-02-2015,101,1,2015,2
5002,10,5,17,11-06-2014,24-08-2014,105,2,2014,8
5003,6,4,23,23-08-2014,25-10-2014,104,1,2014,10
5004,1,10,12,07-09-2014,04-01-2015,104,1,2015,1
5005,5,3,2,11-03-2014,11-08-2014,100,1,2014,8
5006,4,7,17,15-11-2014,21-03-2015,104,2,2015,3
5007,3,2,11,26-10-2014,27-12-2014,105,1,2014,12
5008,3,2,28,27-02-2015,05-04-2015,101,1,2015,4
5009,8,4,2,28-03-2014,07-08-2014,105,1,2014,8
5010,9,6,41,12-10-2014,15-11-2014,105,2,2014,11
5011,4,2,19,01-11-2014,31-03-2015,101,1,2015,3
5012,1,2,26,30-09-2014,30-01-2015,100,2,2015,1
5013,8,3,21,02-01-2015,08-03-2015,104,1,2015,3
5014,4,4,33,02-10-2014,12-12-2014,104,2,2014,12
5015,3,9,40,09-02-2015,23-06-2015,101,2,2015,6
5016,9,4,21,11-06-2014,30-08-2014,105,2,2014,8
5017,6,8,19,29-06-2014,20-09-2014,103,1,2014,9
5018,5,7,3,22-04-2014,10-07-2014,102,2,2014,7
5019,9,7,46,25-09-2014,18-03-2015,102,2,2015,3
5020,2,3,37,18-07-2014,24-10-2014,101,2,2014,10
5021,10,3,40,31-07-2014,01-09-2014,100,1,2014,9
5022,8,1,46,06-04-2015,20-05-2015,103,2,2015,5
5023,8,9,44,19-12-2014,29-04-2015,102,2,2015,4
5024,1,6,48,20-12-2014,07-04-2015,104,2,2015,4
5025,2,6,16,25-04-2014,25-07-2014,102,1,2014,7
5026,1,2,40,13-07-2014,24-10-2014,105,1,2014,10
5027,10,3,36,08-04-2014,27-08-2014,105,1,2014,8
5028,10,8,41,18-09-2014,10-03-2015,104,1,2015,3
5029,8,5,20,09-09-2014,10-12-2014,100,1,2014,12
5030,7,7,15,26-11-2014,17-03-2015,101,2,2015,3
5031,4,7,23,06-03-2015,28-05-2015,103,1,2015,5
5032,4,4,3,16-04-2014,13-08-2014,101,1,2014,8
5033,9,10,11,18-09-2014,18-12-2014,101,1,2014,12
5034,10,2,6,13-06-2014,16-11-2014,101,1,2014,11
5035,5,6,8,01-11-2014,22-01-2015,100,1,2015,1
5036,9,5,20,04-06-2014,07-07-2014,102,1,2014,7
5037,3,8,21,17-04-2015,16-06-2015,104,2,2015,6
5038,4,5,3,16-06-2014,30-07-2014,102,1,2014,7
5039,5,3,4,24-04-2014,08-10-2014,103,2,2014,10
5040,9,1,24,04-12-2014,17-03-2015,102,1,2015,3
5041,3,3,14,20-01-2015,14-04-2015,104,1,2015,4
5042,1,2,21,13-06-2014,24-10-2014,102,2,2014,10
5043,1,8,18,30-03-2014,23-07-2014,105,2,2014,7
5044,5,1,7,23-01-2015,10-06-2015,100,1,2015,6
5045,3,7,31,03-03-2015,26-05-2015,101,2,2015,5
5046,2,5,15,15-01-2014,13-07-2014,100,1,2014,7
5047,2,9,42,16-05-2015,22-06-2015,103,1,2015,6
5048,3,8,15,18-12-2014,01-04-2015,101,1,2015,4
5049,9,3,10,21-02-2014,07-07-2014,105,2,2014,7
5050,4,1,33,25-02-2015,07-06-2015,105,2,2015,6
5051,9,10,38,02-09-2014,09-10-2014,102,1,2014,10
5052,4,7,20,11-03-2015,17-04-2015,102,2,2015,4
5053,2,10,47,26-09-2014,04-02-2015,101,2,2015,2
5054,1,1,36,02-07-2014,12-08-2014,102,1,2014,8
5055,9,9,6,17-06-2014,22-08-2014,102,1,2014,8
5056,9,10,23,02-12-2014,27-02-2015,100,1,2015,2
5057,6,10,19,25-02-2015,29-05-2015,103,2,2015,5
5058,9,2,4,19-05-2014,29-07-2014,104,2,2014,7
5059,1,4,24,10-10-2014,28-11-2014,100,2,2014,11
5060,10,5,22,05-03-2014,16-08-2014,105,2,2014,8
5061,10,3,39,23-11-2014,25-12-2014,102,2,2014,12
5062,4,9,8,30-05-2014,29-10-2014,103,1,2014,10
5063,5,3,28,29-11-2014,29-12-2014,104,1,2014,12
5064,7,1,38,29-12-2014,30-03-2015,105,1,2015,3
5065,5,4,46,25-05-2014,13-09-2014,102,1,2014,9
5066,3,4,36,24-01-2014,17-07-2014,104,1,2014,7
5067,5,2,16,21-03-2014,18-08-2014,101,1,2014,8
5068,8,4,24,07-06-2014,02-11-2014,102,1,2014,11
5069,4,1,45,27-11-2014,17-04-2015,100,2,2015,4
5070,4,6,35,10-03-2015,10-04-2015,102,1,2015,4
5071,6,1,24,16-06-2014,17-07-2014,105,2,2014,7
5072,6,6,8,05-11-2014,05-01-2015,104,1,2015,1
5073,9,3,47,11-10-2014,21-11-2014,102,1,2014,11
5074,2,9,35,10-11-2014,04-04-2015,105,1,2015,4
5075,2,5,42,18-06-2014,21-10-2014,100,1,2014,10
5076,8,4,4,24-04-2015,05-06-2015,102,2,2015,6
5077,6,10,24,18-01-2015,02-06-2015,100,1,2015,6
5078,5,1,14,30-03-2015,22-06-2015,101,1,2015,6
5079,7,8,4,15-12-2014,19-02-2015,105,1,2015,2
5080,8,7,44,28-04-2014,06-07-2014,101,1,2014,7
5081,10,5,34,05-08-2014,10-01-2015,104,1,2015,1
5082,9,10,49,30-12-2014,19-03-2015,105,1,2015,3
5083,2,1,42,14-11-2014,19-02-2015,100,1,2015,2
5084,6,10,24,25-07-2014,04-10-2014,103,1,2014,10
5085,5,3,6,29-04-2014,10-07-2014,100,2,2014,7
5086,10,9,7,21-06-2014,01-12-2014,105,1,2014,12
5087,8,7,40,15-02-2014,10-07-2014,104,1,2014,7
5088,2,6,36,05-12-2014,08-03-2015,105,2,2015,3
5089,1,10,20,14-11-2014,19-12-2014,105,2,2014,12
5090,8,9,7,02-01-2015,11-05-2015,100,2,2015,5
5091,5,6,6,25-07-2014,21-12-2014,105,1,2014,12
5092,10,4,41,24-01-2015,13-06-2015,102,1,2015,6
5093,5,4,31,05-02-2015,29-04-2015,102,2,2015,4
5094,6,4,38,19-02-2015,29-04-2015,100,2,2015,4
5095,9,10,41,14-11-2014,21-12-2014,101,1,2014,12
5096,2,10,2,20-07-2014,18-11-2014,102,1,2014,11
5097,3,10,48,10-09-2014,21-10-2014,100,2,2014,10
5098,8,6,20,07-09-2014,10-02-2015,104,1,2015,2
5099,7,7,25,25-11-2014,07-04-2015,104,2,2015,4
5100,2,1,43,05-07-2014,02-10-2014,103,2,2014,10
5101,10,7,15,15-05-2015,19-06-2015,101,1,2015,6
5102,1,5,8,19-11-2014,10-05-2015,100,2,2015,5
5103,9,5,8,24-11-2014,09-05-2015,103,1,2015,5
5104,7,10,5,31-10-2014,20-01-2015,101,1,2015,1
5105,8,4,18,30-08-2014,15-01-2015,104,2,2015,1
5106,4,7,39,05-07-2014,14-09-2014,105,1,2014,9
5107,2,1,47,23-06-2014,17-12-2014,103,2,2014,12
5108,9,2,46,03-02-2015,11-05-2015,105,1,2015,5
5109,2,8,34,26-01-2015,20-03-2015,100,1,2015,3
5110,2,1,48,08-04-2014,21-07-2014,100,2,2014,7
5111,4,10,38,26-11-2014,11-02-2015,100,2,2015,2
5112,1,6,12,14-02-2014,18-07-2014,104,1,2014,7
5113,7,7,42,21-08-2014,29-10-2014,101,1,2014,10
5114,6,3,47,25-05-2014,21-11-2014,102,2,2014,11
5115,3,5,15,18-10-2014,02-01-2015,101,1,2015,1
5116,2,9,7,09-09-2014,07-01-2015,103,1,2015,1
5117,9,7,1,30-01-2015,25-04-2015,104,1,2015,4
5118,10,4,32,19-02-2014,01-08-2014,105,2,2014,8
5119,3,2,6,11-06-2014,04-12-2014,105,2,2014,12
5120,3,4,7,12-08-2014,08-02-2015,103,1,2015,2
5121,9,4,13,20-10-2014,28-11-2014,101,1,2014,11
5122,10,1,18,05-05-2014,24-08-2014,102,2,2014,8
5123,8,6,50,11-04-2014,01-09-2014,103,2,2014,9
5124,3,8,1,04-05-2014,13-10-2014,105,2,2014,10
5125,4,2,18,29-01-2015,21-04-2015,105,2,2015,4
5126,7,7,5,19-06-2014,22-11-2014,102,1,2014,11
5127,7,9,16,08-11-2014,27-01-2015,104,1,2015,1
5128,4,10,23,24-07-2014,28-10-2014,105,2,2014,10
5129,6,3,14,26-06-2014,10-10-2014,101,2,2014,10
5130,8,6,29,27-09-2014,19-11-2014,103,1,2014,11
5131,5,1,2,29-12-2014,29-03-2015,101,2,2015,3
5132,6,4,3,28-10-2014,14-02-2015,104,1,2015,2
5133,8,3,34,07-07-2014,12-12-2014,102,2,2014,12
5134,4,1,15,27-05-2014,10-10-2014,101,1,2014,10
5135,4,10,29,08-08-2014,19-10-2014,102,1,2014,10
5136,8,9,21,16-04-2014,24-09-2014,101,2,2014,9
5137,6,5,5,04-12-2014,04-02-2015,101,2,2015,2
5138,1,10,17,07-02-2015,23-06-2015,103,2,2015,6
5139,4,2,10,02-06-2014,13-11-2014,104,2,2014,11
5140,6,7,39,08-06-2014,17-08-2014,100,2,2014,8
5141,8,5,12,01-10-2014,19-03-2015,105,2,2015,3
5142,7,9,41,30-04-2014,02-08-2014,105,2,2014,8
5143,9,7,13,15-05-2015,21-06-2015,101,1,2015,6
5144,4,3,21,17-12-2014,06-04-2015,101,1,2015,4
5145,2,1,6,06-06-2014,21-08-2014,104,2,2014,8
5146,4,6,30,04-07-2014,10-12-2014,105,2,2014,12
5147,10,3,13,20-10-2014,30-01-2015,100,1,2015,1
5148,6,4,6,31-12-2014,30-03-2015,103,2,2015,3
5149,1,7,1,04-03-2015,21-05-2015,101,1,2015,5
5150,1,4,27,18-09-2014,07-02-2015,105,1,2015,2
5151,3,3,9,25-08-2014,05-12-2014,103,1,2014,12
5152,5,1,37,22-06-2014,06-09-2014,100,1,2014,9
5153,1,10,1,02-04-2014,07-08-2014,102,2,2014,8
5154,9,7,15,03-09-2014,06-01-2015,101,2,2015,1
5155,6,1,1,11-07-2014,11-08-2014,100,2,2014,8
5156,4,3,36,14-06-2014,09-08-2014,104,1,2014,8
5157,10,3,11,30-01-2015,05-03-2015,103,1,2015,3
5158,7,7,1,03-12-2014,09-01-2015,105,2,2015,1
5159,4,3,15,15-01-2015,02-04-2015,101,1,2015,4
5160,4,8,38,16-06-2014,09-09-2014,101,1,2014,9
5161,2,5,48,01-12-2014,14-05-2015,101,1,2015,5
5162,6,7,18,02-04-2014,15-08-2014,105,2,2014,8
5163,8,9,26,22-12-2014,06-06-2015,104,2,2015,6
5164,4,8,16,15-01-2015,11-05-2015,100,2,2015,5
5165,4,4,24,07-07-2014,26-10-2014,104,2,2014,10
5166,6,10,47,04-05-2014,03-10-2014,101,2,2014,10
5167,6,1,32,14-07-2014,15-12-2014,103,2,2014,12
5168,10,8,31,09-06-2014,14-07-2014,104,2,2014,7
5169,3,7,47,08-03-2015,11-06-2015,101,1,2015,6
5170,3,2,3,03-03-2015,08-05-2015,101,1,2015,5
5171,2,3,49,19-09-2014,19-01-2015,103,1,2015,1
5172,8,3,47,07-12-2014,28-05-2015,102,2,2015,5
5173,1,10,40,03-07-2014,30-12-2014,104,1,2014,12
5174,6,6,31,14-03-2014,03-07-2014,101,1,2014,7
5175,3,2,41,28-10-2014,28-02-2015,100,1,2015,2
5176,6,4,9,08-03-2015,02-05-2015,102,1,2015,5
5177,5,4,38,04-01-2015,07-05-2015,101,1,2015,5
5178,8,6,41,15-03-2015,15-05-2015,101,2,2015,5
5179,10,8,36,15-07-2014,14-09-2014,102,1,2014,9
5180,8,3,46,09-05-2014,06-09-2014,101,2,2014,9
5181,10,5,1,30-12-2014,15-03-2015,100,1,2015,3
5182,10,7,48,18-06-2014,27-09-2014,103,1,2014,9
5183,2,1,22,07-07-2014,02-09-2014,102,1,2014,9
5184,2,1,11,11-09-2014,28-01-2015,103,1,2015,1
5185,10,2,23,30-03-2014,15-08-2014,104,2,2014,8
5186,10,7,18,03-02-2015,09-06-2015,103,1,2015,6
5187,2,8,12,08-12-2014,08-05-2015,102,1,2015,5
5188,9,2,20,28-07-2014,28-08-2014,104,1,2014,8
5189,10,7,44,26-04-2014,06-08-2014,104,2,2014,8
5190,9,4,37,01-02-2015,05-04-2015,105,1,2015,4
5191,6,1,40,05-02-2014,07-07-2014,102,1,2014,7
5192,3,10,9,25-05-2014,26-09-2014,103,2,2014,9
5193,3,10,15,24-03-2015,10-05-2015,104,1,2015,5
5194,10,5,34,06-02-2015,24-05-2015,102,1,2015,5
5195,3,3,48,26-03-2014,30-08-2014,103,2,2014,8
5196,1,7,15,17-07-2014,19-11-2014,102,2,2014,11
5197,8,7,1,27-01-2015,08-03-2015,103,2,2015,3
5198,6,8,16,27-02-2015,03-05-2015,104,2,2015,5
5199,5,6,11,04-11-2014,12-01-2015,100,2,2015,1
5200,10,8,45,13-08-2014,14-12-2014,105,1,2014,12
5201,4,1,3,23-03-2014,07-08-2014,100,2,2014,8
5202,7,7,42,30-06-2014,18-10-2014,103,1,2014,10
5203,4,1,39,11-08-2014,01-11-2014,100,1,2014,11
5204,8,9,9,19-10-2014,14-12-2014,105,1,2014,12
5205,10,5,1,04-07-2014,19-09-2014,102,2,2014,9
5206,8,6,49,04-02-2015,29-05-2015,101,1,2015,5
5207,5,2,7,01-05-2014,03-07-2014,103,1,2014,7
5208,3,7,18,26-02-2015,12-06-2015,101,1,2015,6
5209,4,2,10,13-12-2014,07-04-2015,101,2,2015,4
5210,3,1,45,16-09-2014,13-11-2014,101,2,2014,11
5211,8,3,14,28-11-2014,28-04-2015,102,1,2015,4
5212,4,3,12,17-06-2014,22-10-2014,101,1,2014,10
5213,5,5,28,06-02-2014,24-07-2014,101,2,2014,7
5214,10,8,5,13-07-2014,10-11-2014,100,1,2014,11
5215,8,8,24,30-08-2014,21-02-2015,102,2,2015,2
5216,1,8,35,18-09-2014,21-10-2014,101,2,2014,10
5217,2,10,5,21-03-2014,04-09-2014,104,1,2014,9
5218,3,6,1,14-05-2014,10-08-2014,104,2,2014,8
5219,9,1,27,14-02-2015,07-05-2015,101,1,2015,5
5220,9,7,25,11-07-2014,11-12-2014,100,2,2014,12
5221,3,7,32,17-05-2014,20-10-2014,105,2,2014,10
5222,9,4,37,09-11-2014,24-01-2015,100,1,2015,1
5223,6,6,25,21-01-2015,05-03-2015,104,2,2015,3
5224,2,9,1,25-06-2014,04-09-2014,105,1,2014,9
5225,2,6,19,15-12-2014,21-03-2015,104,1,2015,3
5226,6,8,27,26-02-2014,22-07-2014,105,1,2014,7
5227,8,2,16,20-10-2014,20-03-2015,102,1,2015,3
5228,1,5,26,12-05-2014,10-10-2014,105,1,2014,10
5229,7,7,48,05-07-2014,27-10-2014,103,1,2014,10
5230,6,4,6,22-05-2014,06-08-2014,101,1,2014,8
5231,9,3,35,21-02-2014,25-07-2014,100,2,2014,7
5232,8,8,33,14-12-2014,04-04-2015,104,2,2015,4
5233,4,9,14,20-11-2014,09-01-2015,102,2,2015,1
5234,9,7,18,12-10-2014,17-03-2015,104,2,2015,3
5235,7,9,40,29-11-2014,07-04-2015,103,2,2015,4
5236,5,7,26,27-03-2014,08-07-2014,100,2,2014,7
5237,7,10,33,04-05-2014,17-07-2014,103,1,2014,7
5238,6,10,11,14-11-2014,25-02-2015,105,1,2015,2
5239,1,10,31,11-07-2014,25-11-2014,100,2,2014,11
5240,7,1,43,13-10-2014,11-03-2015,101,1,2015,3
5241,6,6,38,19-02-2015,25-05-2015,102,1,2015,5
5242,4,4,32,27-09-2014,21-02-2015,103,1,2015,2
5243,7,8,8,02-10-2014,22-02-2015,103,1,2015,2
5244,7,8,2,28-09-2014,19-12-2014,104,1,2014,12
5245,7,8,49,10-07-2014,14-11-2014,102,1,2014,11
5246,9,2,40,23-06-2014,16-12-2014,103,2,2014,12
5247,10,6,4,04-12-2014,09-05-2015,103,2,2015,5
5248,7,6,19,10-11-2014,28-01-2015,102,1,2015,1
5249,7,4,5,15-03-2015,12-06-2015,101,2,2015,6
5250,5,8,31,02-10-2014,22-12-2014,103,1,2014,12
5251,8,8,30,08-11-2014,17-03-2015,102,1,2015,3
5252,8,4,4,06-01-2015,05-03-2015,103,1,2015,3
5253,9,9,32,16-10-2014,22-12-2014,103,1,2014,12
5254,8,7,5,27-12-2014,18-05-2015,103,1,2015,5
5255,9,4,34,07-06-2014,24-09-2014,104,1,2014,9
5256,7,3,29,01-09-2014,26-11-2014,100,1,2014,11
5257,7,7,26,19-05-2014,01-11-2014,100,1,2014,11
5258,10,8,9,05-09-2014,15-01-2015,105,2,2015,1
5259,7,8,4,30-11-2014,23-04-2015,105,1,2015,4
5260,3,8,44,05-10-2014,02-01-2015,101,2,2015,1
5261,4,6,1,01-02-2015,07-03-2015,102,2,2015,3
5262,5,7,3,01-01-2015,19-06-2015,100,1,2015,6
5263,6,2,27,26-10-2014,04-01-2015,101,2,2015,1
5264,3,3,8,25-10-2014,22-03-2015,103,1,2015,3
5265,6,3,13,25-08-2014,12-01-2015,105,2,2015,1
5266,9,3,6,08-09-2014,01-01-2015,102,2,2015,1
5267,7,9,19,24-11-2014,15-02-2015,102,1,2015,2
5268,2,4,18,15-05-2014,14-09-2014,104,1,2014,9
5269,5,2,46,17-01-2015,15-06-2015,103,2,2015,6
5270,4,4,42,17-06-2014,24-08-2014,102,1,2014,8
5271,8,1,27,02-07-2014,10-11-2014,104,1,2014,11
5272,4,2,10,24-04-2014,24-08-2014,100,2,2014,8
5273,9,6,25,17-12-2014,06-04-2015,104,1,2015,4
5274,7,3,46,10-12-2014,18-03-2015,101,2,2015,3
5275,2,2,42,27-10-2014,06-12-2014,101,2,2014,12
5276,2,2,17,30-07-2014,27-11-2014,103,1,2014,11
5277,6,2,21,25-03-2014,30-08-2014,101,2,2014,8
5278,3,5,9,22-12-2014,04-02-2015,103,1,2015,2
5279,7,9,43,28-06-2014,14-09-2014,103,1,2014,9
5280,2,9,44,16-10-2014,13-02-2015,104,1,2015,2
5281,7,1,40,22-04-2014,20-09-2014,104,1,2014,9
5282,7,4,13,27-05-2014,22-09-2014,102,1,2014,9
5283,5,10,19,02-10-2014,26-03-2015,100,1,2015,3
5284,5,2,50,23-09-2014,17-01-2015,101,1,2015,1
5285,1,8,13,31-05-2014,27-07-2014,102,2,2014,7
5286,4,9,32,06-08-2014,16-01-2015,100,2,2015,1
5287,3,1,17,12-01-2015,25-03-2015,102,2,2015,3
5288,9,10,39,11-04-2014,13-08-2014,103,2,2014,8
5289,9,10,25,19-01-2015,13-04-2015,102,1,2015,4
5290,7,6,17,13-04-2014,04-08-2014,104,2,2014,8
5291,8,3,50,30-06-2014,09-11-2014,104,2,2014,11
5292,2,5,24,13-05-2014,27-09-2014,102,1,2014,9
5293,4,6,24,26-08-2014,12-01-2015,103,1,2015,1
5294,8,4,24,31-10-2014,03-02-2015,104,1,2015,2
5295,5,9,41,19-06-2014,05-08-2014,105,1,2014,8
5296,8,7,47,06-02-2015,04-06-2015,103,1,2015,6
5297,5,6,35,21-10-2014,25-01-2015,104,1,2015,1
5298,3,8,15,26-03-2014,20-08-2014,101,1,2014,8
5299,8,4,24,31-10-2014,21-03-2015,103,1,2015,3
5300,1,9,31,21-10-2014,12-01-2015,105,1,2015,1
5301,7,9,39,31-01-2015,27-03-2015,102,1,2015,3
5302,4,8,38,19-08-2014,23-10-2014,103,2,2014,10
5303,4,3,13,21-02-2015,06-04-2015,105,2,2015,4
5304,4,2,19,16-05-2014,20-10-2014,103,2,2014,10
5305,5,4,36,20-08-2014,18-01-2015,104,2,2015,1
5306,1,7,32,28-08-2014,04-02-2015,103,2,2015,2
5307,1,4,44,11-01-2015,19-03-2015,102,2,2015,3
5308,10,8,46,30-03-2014,21-07-2014,103,2,2014,7
5309,3,1,8,27-05-2014,05-10-2014,105,1,2014,10
5310,6,5,32,18-07-2014,25-08-2014,101,1,2014,8
5311,4,4,22,15-12-2014,12-03-2015,102,2,2015,3
5312,1,1,1,11-12-2014,30-05-2015,101,1,2015,5
5313,1,3,4,10-10-2014,12-02-2015,102,2,2015,2
5314,7,2,40,25-11-2014,26-01-2015,105,2,2015,1
5315,5,3,24,23-12-2014,01-04-2015,104,1,2015,4
5316,6,3,32,12-05-2014,23-08-2014,102,2,2014,8
5317,9,4,46,16-02-2014,05-07-2014,104,1,2014,7
5318,1,5,44,20-02-2015,03-04-2015,105,1,2015,4
5319,4,6,26,08-06-2014,06-08-2014,102,1,2014,8
5320,8,4,28,27-02-2014,13-08-2014,101,2,2014,8
5321,3,7,6,29-09-2014,07-03-2015,104,2,2015,3
5322,10,9,46,30-10-2014,17-01-2015,105,2,2015,1
5323,4,3,10,19-11-2014,26-02-2015,105,2,2015,2
5324,7,3,43,31-07-2014,16-12-2014,102,1,2014,12
5325,7,8,28,12-01-2015,23-04-2015,103,2,2015,4
5326,10,8,20,28-06-2014,12-09-2014,102,1,2014,9
5327,2,8,1,20-07-2014,12-10-2014,103,2,2014,10
5328,10,6,4,15-06-2014,11-09-2014,104,1,2014,9
5329,3,2,44,05-10-2014,08-12-2014,104,1,2014,12
5330,2,2,27,26-09-2014,21-12-2014,102,1,2014,12
5331,7,5,32,27-07-2014,20-10-2014,103,1,2014,10
5332,8,9,33,30-07-2014,02-11-2014,104,1,2014,11
5333,3,2,10,04-03-2015,30-04-2015,102,1,2015,4
5334,5,4,18,24-10-2014,04-12-2014,103,1,2014,12
5335,7,4,23,16-01-2015,05-04-2015,101,1,2015,4
5336,9,7,24,07-06-2014,28-08-2014,102,2,2014,8
5337,1,6,30,31-08-2014,19-10-2014,104,2,2014,10
5338,2,8,43,09-02-2015,09-04-2015,101,2,2015,4
5339,8,2,8,22-10-2014,04-01-2015,101,1,2015,1
5340,9,9,39,22-07-2014,06-01-2015,105,1,2015,1
5341,7,2,4,06-01-2015,31-03-2015,103,2,2015,3
5342,3,5,40,06-05-2014,26-08-2014,101,2,2014,8
5343,1,8,23,27-06-2014,23-12-2014,102,1,2014,12
5344,10,9,3,01-09-2014,19-10-2014,104,1,2014,10
5345,7,9,9,11-03-2015,18-05-2015,105,2,2015,5
5346,9,10,49,27-02-2015,14-04-2015,101,2,2015,4
5347,2,8,45,05-07-2014,22-10-2014,101,2,2014,10
5348,1,7,50,28-02-2015,02-06-2015,104,1,2015,6
5349,5,5,25,02-08-2014,16-09-2014,101,1,2014,9
5350,6,1,29,22-12-2014,22-02-2015,100,2,2015,2
5351,1,5,43,13-03-2014,14-08-2014,102,2,2014,8
5352,8,7,36,08-07-2014,04-11-2014,105,2,2014,11
5353,10,6,36,05-05-2014,22-10-2014,104,1,2014,10
5354,4,4,24,07-06-2014,19-11-2014,102,1,2014,11
5355,2,5,43,17-07-2014,25-12-2014,103,2,2014,12
5356,4,2,28,17-08-2014,30-01-2015,100,2,2015,1
5357,6,9,48,24-08-2014,17-11-2014,101,1,2014,11
5358,4,3,23,01-07-2014,30-08-2014,101,2,2014,8
5359,4,10,48,13-10-2014,07-04-2015,104,1,2015,4
5360,7,1,2,15-01-2015,20-02-2015,102,1,2015,2
5361,2,1,12,16-11-2014,22-01-2015,103,2,2015,1
5362,9,10,8,15-01-2015,06-03-2015,103,1,2015,3
5363,1,5,7,06-04-2014,17-09-2014,104,2,2014,9
5364,9,6,21,30-09-2014,09-12-2014,100,2,2014,12
5365,10,5,41,28-12-2014,02-04-2015,100,2,2015,4
5366,8,1,8,09-05-2014,28-07-2014,101,1,2014,7
5367,6,8,31,12-03-2015,22-05-2015,103,2,2015,5
5368,9,6,4,16-11-2014,27-02-2015,103,2,2015,2
5369,7,7,17,18-11-2014,13-01-2015,104,2,2015,1
5370,8,3,10,12-11-2014,23-02-2015,104,2,2015,2
5371,8,2,28,20-08-2014,04-12-2014,103,1,2014,12
5372,5,4,42,09-08-2014,17-11-2014,101,1,2014,11
5373,4,8,46,15-10-2014,09-02-2015,105,2,2015,2
5374,7,8,32,13-07-2014,29-09-2014,100,2,2014,9
5375,10,4,46,07-12-2014,13-05-2015,103,2,2015,5
5376,8,5,40,28-05-2014,22-07-2014,100,1,2014,7
5377,1,2,29,31-07-2014,30-11-2014,104,2,2014,11
5378,6,4,28,16-10-2014,20-01-2015,100,1,2015,1
5379,2,9,23,07-05-2014,08-07-2014,105,1,2014,7
5380,2,4,44,12-04-2014,19-07-2014,103,2,2014,7
5381,1,1,32,14-08-2014,18-12-2014,104,2,2014,12
5382,1,10,48,15-03-2014,30-07-2014,102,1,2014,7
5383,1,1,22,20-08-2014,26-11-2014,102,2,2014,11
5384,7,2,34,02-10-2014,01-11-2014,100,2,2014,11
5385,5,2,24,10-02-2015,31-03-2015,103,2,2015,3
5386,1,4,39,09-09-2014,16-11-2014,102,1,2014,11
5387,7,8,48,24-02-2015,18-04-2015,102,2,2015,4
5388,2,1,23,28-09-2014,22-02-2015,104,1,2015,2
5389,3,9,26,10-12-2014,04-03-2015,101,1,2015,3
5390,6,6,27,23-02-2014,28-07-2014,104,2,2014,7
5391,8,9,15,29-06-2014,19-12-2014,101,2,2014,12
5392,4,4,6,02-01-2015,08-06-2015,103,2,2015,6
5393,3,4,11,26-03-2014,15-08-2014,100,2,2014,8
5394,3,5,38,29-12-2014,02-03-2015,102,2,2015,3
5395,7,3,11,23-07-2014,17-09-2014,105,1,2014,9
5396,10,3,44,16-03-2014,16-07-2014,100,1,2014,7
5397,9,3,10,23-07-2014,03-10-2014,101,2,2014,10
5398,7,2,16,27-05-2014,21-09-2014,100,1,2014,9
5399,6,10,10,23-09-2014,08-12-2014,104,2,2014,12
5400,1,8,19,07-01-2015,30-05-2015,103,2,2015,5
5401,10,8,13,23-06-2014,08-12-2014,103,2,2014,12
5402,4,6,5,30-07-2014,14-12-2014,103,2,2014,12
5403,9,5,19,16-06-2014,13-08-2014,103,1,2014,8
5404,8,8,18,22-04-2014,19-08-2014,100,1,2014,8
5405,2,1,11,05-10-2014,21-02-2015,100,2,2015,2
5406,10,2,17,03-04-2014,23-09-2014,104,1,2014,9
5407,5,10,34,22-02-2014,14-08-2014,105,1,2014,8
5408,6,10,37,18-12-2014,28-03-2015,103,1,2015,3
5409,5,2,42,11-04-2015,19-05-2015,102,1,2015,5
5410,7,1,49,28-11-2014,05-02-2015,103,1,2015,2
5411,7,9,36,15-04-2014,19-09-2014,103,1,2014,9
5412,4,7,47,09-09-2014,13-12-2014,104,2,2014,12
5413,2,4,3,26-01-2015,26-03-2015,105,2,2015,3
5414,6,6,29,24-10-2014,11-01-2015,104,2,2015,1
5415,10,3,27,20-06-2014,12-10-2014,102,2,2014,10
5416,9,7,12,30-12-2014,10-02-2015,102,2,2015,2
5417,10,5,11,27-03-2014,18-08-2014,101,1,2014,8
5418,3,4,42,22-04-2014,26-08-2014,104,2,2014,8
5419,7,3,39,18-04-2014,16-09-2014,104,1,2014,9
5420,10,9,28,22-09-2014,19-02-2015,105,2,2015,2
5421,4,6,28,27-11-2014,15-02-2015,103,1,2015,2
5422,4,9,24,20-10-2014,19-11-2014,103,2,2014,11
5423,5,4,21,17-06-2014,26-07-2014,105,1,2014,7
5424,8,7,11,14-11-2014,16-01-2015,101,1,2015,1
5425,1,4,39,15-08-2014,13-12-2014,100,1,2014,12
5426,10,8,12,16-08-2014,14-12-2014,103,1,2014,12
5427,3,7,48,28-07-2014,13-09-2014,104,1,2014,9
5428,3,9,37,18-06-2014,22-08-2014,104,2,2014,8
5429,2,2,50,20-11-2014,05-05-2015,102,2,2015,5
5430,6,10,11,29-07-2014,23-01-2015,102,2,2015,1
5431,4,5,41,17-06-2014,13-09-2014,102,1,2014,9
5432,6,6,33,21-12-2014,06-02-2015,102,1,2015,2
5433,2,8,45,15-09-2014,20-02-2015,103,1,2015,2
5434,2,10,28,24-09-2014,16-01-2015,105,1,2015,1
5435,10,4,41,19-05-2014,28-07-2014,100,1,2014,7
5436,8,2,19,24-09-2014,19-11-2014,104,1,2014,11
5437,2,8,12,20-09-2014,30-12-2014,101,1,2014,12
5438,6,2,6,25-11-2014,05-02-2015,104,2,2015,2
5439,6,6,43,13-12-2014,20-02-2015,102,1,2015,2
5440,1,3,44,27-03-2014,11-07-2014,102,2,2014,7
5441,10,9,31,21-04-2015,21-05-2015,105,1,2015,5
5442,6,9,32,31-07-2014,01-01-2015,102,1,2015,1
5443,4,5,46,16-10-2014,09-03-2015,102,2,2015,3
5444,5,5,42,23-06-2014,08-10-2014,100,1,2014,10
5445,6,6,45,13-01-2015,12-06-2015,103,1,2015,6
5446,1,9,16,26-06-2014,28-09-2014,103,2,2014,9
5447,6,9,36,28-03-2015,17-05-2015,101,2,2015,5
5448,6,2,22,12-10-2014,18-01-2015,105,2,2015,1
5449,1,6,24,03-10-2014,11-11-2014,101,2,2014,11
5450,3,5,45,22-06-2014,26-09-2014,102,1,2014,9
5451,10,6,7,03-06-2014,19-09-2014,103,2,2014,9
5452,3,5,1,03-10-2014,28-11-2014,101,1,2014,11
5453,5,10,9,03-07-2014,21-11-2014,101,2,2014,11
5454,8,10,40,15-11-2014,30-01-2015,103,2,2015,1
5455,1,8,20,31-10-2014,08-02-2015,105,2,2015,2
5456,9,10,43,26-01-2015,18-06-2015,105,2,2015,6
5457,10,7,47,12-02-2014,16-07-2014,101,1,2014,7
5458,9,4,38,17-10-2014,03-03-2015,104,1,2015,3
5459,7,7,22,10-11-2014,24-03-2015,101,2,2015,3
5460,5,4,22,26-02-2014,31-07-2014,101,1,2014,7
5461,8,2,16,20-06-2014,17-10-2014,102,2,2014,10
5462,4,3,4,18-10-2014,11-01-2015,105,2,2015,1
5463,9,7,17,21-07-2014,13-01-2015,101,1,2015,1
5464,8,5,3,16-07-2014,12-12-2014,103,1,2014,12
5465,6,9,27,01-01-2015,12-03-2015,105,2,2015,3
5466,10,9,44,28-10-2014,16-12-2014,101,2,2014,12
5467,10,2,49,06-01-2015,09-05-2015,103,2,2015,5
5468,9,1,50,10-06-2014,05-12-2014,101,2,2014,12
5469,9,10,21,10-11-2014,07-02-2015,105,2,2015,2
5470,8,2,30,04-06-2014,07-07-2014,100,1,2014,7
5471,5,1,26,14-09-2014,29-11-2014,105,1,2014,11
5472,7,1,35,19-01-2015,16-06-2015,101,2,2015,6
5473,6,6,2,25-09-2014,31-12-2014,102,2,2014,12
5474,1,4,31,21-08-2014,18-10-2014,101,2,2014,10
5475,8,3,5,11-09-2014,23-12-2014,101,1,2014,12
5476,8,1,24,17-05-2014,11-08-2014,104,2,2014,8
5477,6,6,32,24-06-2014,15-12-2014,100,2,2014,12
5478,7,3,32,09-09-2014,21-10-2014,102,2,2014,10
5479,8,9,28,08-08-2014,27-10-2014,102,2,2014,10
5480,9,2,39,07-02-2015,10-05-2015,100,1,2015,5
5481,6,9,7,21-02-2015,11-06-2015,102,2,2015,6
5482,6,5,35,05-07-2014,14-09-2014,100,1,2014,9
5483,8,3,42,08-06-2014,17-10-2014,100,1,2014,10
5484,1,3,18,21-02-2014,02-08-2014,101,2,2014,8
5485,4,7,18,03-07-2014,29-11-2014,100,2,2014,11
5486,6,6,40,20-10-2014,07-04-2015,103,1,2015,4
5487,4,5,16,28-11-2014,30-12-2014,101,1,2014,12
5488,3,8,3,29-09-2014,17-11-2014,100,1,2014,11
5489,1,1,41,14-06-2014,06-12-2014,100,2,2014,12
5490,2,7,30,11-12-2014,17-02-2015,100,2,2015,2
5491,4,6,48,02-08-2014,27-12-2014,102,1,2014,12
5492,8,7,39,05-03-2014,06-08-2014,102,2,2014,8
5493,3,3,41,23-03-2015,29-05-2015,104,1,2015,5
5494,2,1,37,11-06-2014,10-11-2014,102,2,2014,11
5495,6,2,49,05-07-2014,17-10-2014,105,1,2014,10
5496,9,10,27,27-02-2014,24-07-2014,103,2,2014,7
5497,9,6,38,03-04-2014,27-08-2014,102,1,2014,8
5498,3,1,32,17-01-2015,15-06-2015,103,2,2015,6
5499,8,8,36,24-10-2014,26-03-2015,104,2,2015,3
5500,9,10,19,10-07-2014,01-09-2014,100,2,2014,9
5501,10,10,35,21-07-2014,05-01-2015,100,2,2015,1
5502,5,7,6,08-04-2014,01-08-2014,103,1,2014,8
5503,5,1,18,09-03-2014,29-07-2014,100,2,2014,7
5504,6,8,5,04-11-2014,26-02-2015,105,1,2015,2
5505,10,6,31,07-10-2014,20-11-2014,100,2,2014,11
5506,1,9,15,28-11-2014,26-05-2015,104,1,2015,5
5507,3,4,8,06-04-2014,05-08-2014,103,2,2014,8
5508,4,2,20,23-09-2014,27-02-2015,104,2,2015,2
5509,10,6,7,23-02-2015,15-04-2015,103,2,2015,4
5510,3,10,33,03-10-2014,01-01-2015,103,1,2015,1
5511,6,6,50,12-06-2014,02-09-2014,103,1,2014,9
5512,3,3,9,13-06-2014,01-11-2014,105,2,2014,11
5513,8,10,27,28-11-2014,25-04-2015,103,1,2015,4
5514,10,5,10,17-09-2014,30-01-2015,104,1,2015,1
5515,5,4,26,28-10-2014,24-03-2015,103,1,2015,3
5516,6,9,6,13-06-2014,04-09-2014,100,1,2014,9
5517,6,6,46,21-09-2014,26-01-2015,103,2,2015,1
5518,10,8,47,04-10-2014,05-11-2014,103,1,2014,11
5519,3,9,50,07-01-2015,22-03-2015,101,1,2015,3
5520,3,5,45,08-11-2014,13-03-2015,104,2,2015,3
5521,7,5,6,15-11-2014,20-12-2014,103,2,2014,12
5522,6,9,22,08-01-2015,27-02-2015,103,1,2015,2
5523,2,9,1,30-04-2014,27-07-2014,105,1,2014,7
5524,6,3,17,21-02-2015,01-04-2015,104,1,2015,4
5525,4,1,49,25-11-2014,03-03-2015,100,2,2015,3
5526,4,1,29,10-06-2014,05-12-2014,100,1,2014,12
5527,7,2,13,29-11-2014,13-05-2015,103,2,2015,5
5528,1,8,13,25-11-2014,09-01-2015,101,2,2015,1
5529,7,2,2,17-08-2014,28-10-2014,103,2,2014,10
5530,5,4,36,05-11-2014,22-03-2015,101,1,2015,3
5531,8,2,39,09-02-2015,16-05-2015,101,2,2015,5
5532,1,6,37,30-10-2014,22-03-2015,105,1,2015,3
5533,6,6,8,09-04-2014,10-08-2014,100,2,2014,8
5534,6,2,19,26-06-2014,13-10-2014,102,2,2014,10
5535,6,7,2,20-05-2014,23-10-2014,102,1,2014,10
5536,6,8,36,15-09-2014,21-02-2015,105,1,2015,2
5537,3,6,22,03-04-2014,15-08-2014,103,2,2014,8
5538,4,8,18,13-05-2014,20-07-2014,104,1,2014,7
5539,9,7,18,15-03-2015,05-05-2015,100,2,2015,5
5540,8,6,43,29-06-2014,15-09-2014,101,2,2014,9
5541,4,10,23,10-10-2014,13-01-2015,104,2,2015,1
5542,7,3,34,27-02-2015,23-05-2015,100,2,2015,5
5543,5,4,40,29-03-2015,19-06-2015,105,2,2015,6
5544,7,10,6,22-10-2014,24-02-2015,100,2,2015,2
5545,9,10,42,23-07-2014,12-10-2014,101,1,2014,10
5546,1,8,6,02-08-2014,21-12-2014,105,1,2014,12
5547,10,8,32,05-11-2014,13-02-2015,103,1,2015,2
5548,3,8,46,16-02-2014,28-07-2014,100,2,2014,7
5549,5,9,31,24-03-2014,24-08-2014,101,2,2014,8
5550,7,5,11,20-03-2014,09-08-2014,104,1,2014,8
5551,1,2,9,09-11-2014,02-01-2015,102,2,2015,1
5552,7,8,3,25-06-2014,14-11-2014,101,1,2014,11
5553,6,5,44,12-10-2014,05-12-2014,102,2,2014,12
5554,6,8,41,19-12-2014,06-03-2015,103,2,2015,3
5555,5,8,20,11-07-2014,25-12-2014,101,2,2014,12
5556,3,2,28,29-07-2014,01-11-2014,101,1,2014,11
5557,5,1,40,03-10-2014,28-11-2014,105,1,2014,11
5558,4,1,35,02-04-2014,07-07-2014,105,1,2014,7
5559,4,3,3,07-02-2014,26-07-2014,102,2,2014,7
5560,5,8,47,22-08-2014,07-02-2015,104,1,2015,2
5561,1,5,49,11-03-2015,03-06-2015,104,2,2015,6
5562,2,9,1,16-12-2014,15-01-2015,103,2,2015,1
5563,9,1,9,28-09-2014,21-11-2014,101,1,2014,11
5564,5,3,13,16-05-2014,02-09-2014,100,1,2014,9
5565,6,10,13,30-07-2014,26-01-2015,103,1,2015,1
5566,3,8,25,07-03-2015,10-04-2015,102,1,2015,4
5567,9,8,23,03-11-2014,12-01-2015,103,1,2015,1
5568,8,4,28,09-03-2015,25-04-2015,105,2,2015,4
5569,4,3,40,11-07-2014,28-11-2014,101,1,2014,11
5570,5,4,41,06-08-2014,08-09-2014,100,1,2014,9
5571,2,7,31,15-02-2014,28-07-2014,101,1,2014,7
5572,2,4,20,06-04-2014,01-09-2014,102,2,2014,9
5573,5,7,5,26-09-2014,20-03-2015,104,2,2015,3
5574,5,4,44,06-05-2014,06-08-2014,104,2,2014,8
5575,1,5,33,22-02-2014,16-08-2014,102,2,2014,8
5576,1,1,33,14-11-2014,05-01-2015,104,1,2015,1
5577,8,4,20,02-10-2014,17-01-2015,100,1,2015,1
5578,4,10,34,15-09-2014,22-10-2014,104,1,2014,10
5579,9,3,20,15-01-2015,15-05-2015,105,2,2015,5
5580,5,2,17,01-07-2014,03-09-2014,104,1,2014,9
5581,4,10,46,14-03-2015,16-06-2015,104,2,2015,6
5582,8,7,40,02-04-2015,29-05-2015,103,2,2015,5
5583,10,5,23,22-09-2014,18-11-2014,100,2,2014,11
5584,6,8,29,03-09-2014,13-02-2015,104,2,2015,2
5585,8,9,19,10-01-2015,22-04-2015,103,1,2015,4
5586,7,8,7,29-09-2014,19-02-2015,100,1,2015,2
5587,10,8,48,16-02-2015,06-04-2015,103,2,2015,4
5588,5,3,1,17-12-2014,03-03-2015,102,1,2015,3
5589,2,8,44,25-03-2014,10-09-2014,101,1,2014,9
5590,1,1,37,01-07-2014,14-09-2014,102,1,2014,9
5591,7,8,23,08-11-2014,17-02-2015,105,1,2015,2
5592,10,5,34,12-11-2014,09-05-2015,105,2,2015,5
5593,6,2,20,18-11-2014,05-04-2015,105,2,2015,4
5594,8,2,20,21-11-2014,29-04-2015,105,2,2015,4
5595,2,1,11,28-01-2015,17-05-2015,103,2,2015,5
5596,6,8,43,19-02-2015,28-05-2015,101,2,2015,5
5597,7,5,38,10-06-2014,12-10-2014,103,2,2014,10
5598,6,1,5,23-11-2014,04-02-2015,103,2,2015,2
5599,6,10,28,13-08-2014,28-10-2014,100,1,2014,10
5600,5,7,23,02-11-2014,11-04-2015,100,2,2015,4
5601,6,3,33,28-01-2015,03-04-2015,101,1,2015,4
5602,5,5,48,31-05-2014,19-11-2014,100,1,2014,11
5603,2,9,6,09-12-2014,17-05-2015,102,1,2015,5
5604,3,2,40,16-11-2014,06-03-2015,100,1,2015,3
5605,4,3,22,16-11-2014,03-05-2015,101,2,2015,5
5606,4,10,37,11-03-2014,06-08-2014,104,2,2014,8
5607,6,9,32,31-08-2014,08-01-2015,104,2,2015,1
5608,1,1,33,18-04-2014,01-10-2014,103,1,2014,10
5609,8,2,2,23-11-2014,31-01-2015,104,2,2015,1
5610,9,2,37,30-06-2014,20-09-2014,105,2,2014,9
5611,2,7,9,21-06-2014,22-09-2014,100,2,2014,9
5612,8,7,34,02-05-2015,05-06-2015,105,2,2015,6
5613,2,7,47,25-12-2014,27-02-2015,103,2,2015,2
5614,7,6,26,26-12-2014,22-03-2015,103,1,2015,3
5615,6,6,31,24-02-2014,06-07-2014,103,1,2014,7
5616,5,3,30,17-07-2014,02-12-2014,101,1,2014,12
5617,4,9,12,19-12-2014,20-03-2015,100,2,2015,3
5618,1,3,20,09-08-2014,08-11-2014,105,2,2014,11
5619,6,10,6,11-03-2015,02-05-2015,101,2,2015,5
5620,4,5,47,09-04-2014,28-08-2014,104,2,2014,8
5621,7,1,18,25-05-2014,11-10-2014,103,1,2014,10
5622,3,6,25,03-07-2014,15-09-2014,101,2,2014,9
5623,7,9,36,28-07-2014,25-10-2014,105,2,2014,10
5624,8,3,25,14-05-2014,05-07-2014,101,2,2014,7
5625,10,7,6,25-11-2014,22-02-2015,101,2,2015,2
5626,4,9,16,27-07-2014,31-08-2014,103,2,2014,8
5627,5,9,16,28-04-2015,08-06-2015,103,2,2015,6
5628,10,1,10,17-09-2014,04-12-2014,100,1,2014,12
5629,10,7,26,07-04-2015,06-06-2015,103,2,2015,6
5630,4,3,17,28-02-2014,24-08-2014,100,1,2014,8
5631,4,9,32,29-06-2014,18-11-2014,104,1,2014,11
5632,6,10,14,18-10-2014,01-04-2015,101,2,2015,4
5633,10,3,30,29-01-2014,19-07-2014,100,2,2014,7
5634,6,6,24,24-08-2014,21-12-2014,101,2,2014,12
5635,6,7,23,10-09-2014,23-11-2014,103,1,2014,11
5636,2,1,22,24-02-2014,09-08-2014,104,2,2014,8
5637,3,9,42,16-02-2014,13-08-2014,104,1,2014,8
5638,7,7,16,27-10-2014,01-02-2015,100,1,2015,2
5639,2,6,29,03-07-2014,21-09-2014,101,2,2014,9
5640,4,3,23,13-12-2014,05-06-2015,103,2,2015,6
5641,9,7,4,13-01-2015,25-05-2015,101,2,2015,5
5642,3,1,29,22-10-2014,24-12-2014,104,1,2014,12
5643,7,1,30,29-07-2014,14-10-2014,100,2,2014,10
5644,9,7,19,24-12-2014,04-04-2015,102,1,2015,4
5645,4,2,46,02-03-2014,02-08-2014,102,2,2014,8
5646,1,9,45,24-09-2014,28-11-2014,100,1,2014,11
5647,2,5,29,14-09-2014,04-01-2015,105,2,2015,1
5648,3,8,5,12-11-2014,02-04-2015,102,1,2015,4
5649,3,6,41,14-07-2014,05-09-2014,100,2,2014,9
5650,9,4,46,19-11-2014,31-01-2015,104,2,2015,1
5651,2,3,43,04-08-2014,09-10-2014,103,1,2014,10
5652,3,10,34,27-04-2014,25-08-2014,105,1,2014,8
5653,8,8,21,18-06-2014,24-08-2014,104,1,2014,8
5654,7,3,4,10-09-2014,24-11-2014,104,1,2014,11
5655,8,5,1,09-03-2015,13-04-2015,103,1,2015,4
5656,6,3,4,14-05-2014,18-09-2014,105,2,2014,9
5657,8,5,11,08-11-2014,16-01-2015,102,2,2015,1
5658,5,2,4,08-10-2014,27-12-2014,101,2,2014,12
5659,4,2,39,05-06-2014,19-11-2014,104,1,2014,11
5660,7,7,5,22-06-2014,15-08-2014,101,1,2014,8
5661,4,3,3,07-09-2014,20-12-2014,101,1,2014,12
5662,9,3,6,24-07-2014,11-10-2014,102,2,2014,10
5663,1,3,18,18-08-2014,13-11-2014,103,1,2014,11
5664,5,5,39,14-02-2014,09-08-2014,101,1,2014,8
5665,4,10,15,02-04-2014,04-09-2014,102,1,2014,9
5666,3,6,17,23-07-2014,01-01-2015,103,1,2015,1
5667,10,6,33,06-08-2014,14-11-2014,100,2,2014,11
5668,6,2,36,31-10-2014,24-03-2015,104,1,2015,3
5669,9,5,6,04-06-2014,07-11-2014,102,1,2014,11
5670,2,7,7,13-06-2014,07-11-2014,104,1,2014,11
5671,10,4,11,02-12-2014,07-04-2015,103,2,2015,4
5672,1,5,23,16-10-2014,09-02-2015,102,2,2015,2
5673,3,10,45,17-06-2014,20-11-2014,103,1,2014,11
5674,9,8,2,04-03-2015,05-05-2015,103,1,2015,5
5675,4,5,46,05-12-2014,27-01-2015,100,1,2015,1
5676,1,7,22,12-02-2015,21-05-2015,105,1,2015,5
5677,8,6,9,10-09-2014,04-03-2015,101,1,2015,3
5678,10,7,11,26-10-2014,28-11-2014,100,2,2014,11
5679,2,9,43,06-09-2014,27-10-2014,100,1,2014,10
5680,9,9,8,14-09-2014,06-02-2015,101,2,2015,2
5681,7,1,50,24-05-2014,08-07-2014,103,1,2014,7
5682,3,3,23,17-10-2014,24-11-2014,104,2,2014,11
5683,1,4,25,25-07-2014,06-12-2014,103,2,2014,12
5684,4,2,10,07-08-2014,18-11-2014,103,2,2014,11
5685,10,1,6,22-03-2015,17-06-2015,104,1,2015,6
5686,3,3,25,23-12-2014,27-05-2015,100,1,2015,5
5687,1,10,29,10-09-2014,15-12-2014,101,1,2014,12
5688,4,8,31,12-06-2014,28-11-2014,101,2,2014,11
5689,8,1,37,12-07-2014,12-11-2014,103,1,2014,11
5690,1,9,14,20-06-2014,25-10-2014,101,1,2014,10
5691,7,5,11,12-02-2015,30-04-2015,104,1,2015,4
5692,9,2,18,16-03-2015,20-05-2015,105,1,2015,5
5693,9,5,34,13-05-2014,03-10-2014,103,1,2014,10
5694,8,8,19,16-06-2014,24-07-2014,105,2,2014,7
5695,1,8,42,14-03-2015,14-06-2015,104,1,2015,6
5696,9,5,6,30-04-2014,19-08-2014,101,1,2014,8
5697,9,2,6,08-01-2015,13-02-2015,103,1,2015,2
5698,6,7,39,25-11-2014,02-04-2015,102,1,2015,4
5699,5,7,28,30-12-2014,30-03-2015,102,2,2015,3
5700,1,10,35,30-08-2014,21-12-2014,104,1,2014,12
5701,9,5,25,05-01-2015,09-03-2015,102,2,2015,3
5702,5,7,40,28-12-2014,18-02-2015,105,1,2015,2
5703,4,8,26,20-12-2014,15-06-2015,103,1,2015,6
5704,3,4,38,01-01-2015,09-05-2015,104,1,2015,5
5705,5,5,18,14-04-2014,26-07-2014,105,2,2014,7
5706,1,5,5,22-04-2014,05-09-2014,101,1,2014,9
5707,3,3,21,07-03-2014,15-07-2014,101,2,2014,7
5708,9,8,9,23-12-2014,21-02-2015,104,2,2015,2
5709,2,4,26,11-08-2014,24-11-2014,100,1,2014,11
5710,6,2,27,09-09-2014,22-12-2014,104,2,2014,12
5711,3,1,41,16-09-2014,15-02-2015,100,1,2015,2
5712,6,4,6,10-07-2014,09-10-2014,102,1,2014,10
5713,7,1,29,16-06-2014,07-12-2014,104,1,2014,12
5714,1,9,18,16-04-2015,19-06-2015,102,1,2015,6
5715,3,4,43,04-11-2014,02-03-2015,104,2,2015,3
5716,10,7,50,15-08-2014,16-12-2014,100,1,2014,12
5717,6,4,35,20-01-2015,06-04-2015,104,2,2015,4
5718,8,3,18,29-03-2015,15-06-2015,103,1,2015,6
5719,8,8,25,17-06-2014,25-10-2014,104,2,2014,10
5720,5,5,44,26-03-2015,18-05-2015,101,2,2015,5
5721,2,5,42,24-12-2014,03-02-2015,101,2,2015,2
5722,3,10,31,04-09-2014,11-11-2014,104,2,2014,11
5723,3,2,41,25-03-2014,09-09-2014,103,1,2014,9
5724,4,3,37,18-08-2014,03-02-2015,103,1,2015,2
5725,2,5,38,09-09-2014,22-02-2015,100,2,2015,2
5726,2,2,14,03-08-2014,23-12-2014,102,1,2014,12
5727,8,8,6,27-08-2014,23-12-2014,105,2,2014,12
5728,8,8,15,20-04-2014,19-09-2014,104,1,2014,9
5729,10,5,4,13-07-2014,23-08-2014,102,2,2014,8
5730,10,2,13,28-04-2014,16-07-2014,101,2,2014,7
5731,5,7,32,17-02-2014,09-08-2014,100,1,2014,8
5732,10,9,27,08-01-2015,14-04-2015,100,2,2015,4
5733,10,4,12,31-12-2014,22-02-2015,100,2,2015,2
5734,5,5,13,21-06-2014,08-11-2014,100,1,2014,11
5735,7,8,48,25-01-2015,24-03-2015,102,2,2015,3
5736,3,5,14,10-08-2014,09-12-2014,105,2,2014,12
5737,8,3,30,15-12-2014,19-05-2015,102,1,2015,5
5738,10,6,15,01-08-2014,11-09-2014,101,1,2014,9
5739,1,9,8,13-03-2015,07-06-2015,101,1,2015,6
5740,7,10,17,24-03-2014,14-08-2014,105,2,2014,8
5741,5,8,46,11-02-2015,27-04-2015,102,1,2015,4
5742,8,2,16,27-05-2014,24-10-2014,101,1,2014,10
5743,3,7,34,03-06-2014,14-09-2014,101,1,2014,9
5744,3,2,19,15-09-2014,23-11-2014,103,1,2014,11
5745,3,5,41,28-10-2014,10-04-2015,100,2,2015,4
5746,7,7,50,24-03-2014,22-08-2014,105,2,2014,8
5747,7,10,34,15-03-2014,14-07-2014,104,2,2014,7
5748,4,1,28,08-04-2015,21-05-2015,104,1,2015,5
5749,7,3,15,29-12-2014,10-02-2015,102,2,2015,2
5750,6,3,27,08-09-2014,12-01-2015,101,1,2015,1
5751,5,8,23,18-04-2014,20-08-2014,102,2,2014,8
5752,3,6,36,21-10-2014,30-03-2015,102,2,2015,3
5753,10,1,9,27-05-2014,25-08-2014,104,2,2014,8
5754,9,6,29,13-08-2014,09-11-2014,104,2,2014,11
5755,10,1,8,09-12-2014,17-01-2015,100,1,2015,1
5756,8,9,25,15-04-2014,27-07-2014,101,1,2014,7
5757,6,1,13,06-08-2014,09-10-2014,102,2,2014,10
5758,10,9,12,10-07-2014,02-09-2014,102,1,2014,9
5759,2,5,39,10-05-2014,02-08-2014,104,2,2014,8
5760,2,2,36,09-08-2014,31-01-2015,104,2,2015,1
5761,8,2,31,06-09-2014,03-02-2015,104,1,2015,2
5762,2,5,49,15-12-2014,19-05-2015,101,2,2015,5
5763,4,1,25,27-02-2015,18-05-2015,101,1,2015,5
5764,10,3,40,21-12-2014,09-03-2015,101,1,2015,3
5765,1,5,19,27-01-2015,29-03-2015,102,1,2015,3
5766,10,6,34,08-11-2014,24-12-2014,100,2,2014,12
5767,9,3,45,26-04-2014,08-09-2014,100,1,2014,9
5768,9,8,43,26-06-2014,29-10-2014,101,1,2014,10
5769,9,4,50,23-11-2014,15-03-2015,100,1,2015,3
5770,8,3,50,20-05-2014,06-10-2014,100,1,2014,10
5771,8,9,36,10-07-2014,30-09-2014,102,1,2014,9
5772,3,2,19,16-05-2014,09-11-2014,100,1,2014,11
5773,4,7,40,03-10-2014,18-02-2015,100,1,2015,2
5774,8,9,11,29-05-2014,10-09-2014,104,2,2014,9
5775,3,8,42,25-12-2014,04-04-2015,104,2,2015,4
5776,4,1,22,15-02-2015,04-06-2015,102,1,2015,6
5777,6,6,6,19-08-2014,13-02-2015,100,1,2015,2
5778,9,1,30,07-01-2015,07-05-2015,100,2,2015,5
5779,4,7,41,03-10-2014,14-01-2015,101,2,2015,1
5780,3,5,46,17-02-2015,24-03-2015,103,1,2015,3
5781,4,6,33,19-12-2014,11-02-2015,100,1,2015,2
5782,5,6,6,29-10-2014,29-12-2014,102,1,2014,12
5783,2,7,37,26-06-2014,22-09-2014,103,2,2014,9
5784,9,7,28,17-07-2014,16-10-2014,102,2,2014,10
5785,8,8,18,15-09-2014,16-12-2014,101,1,2014,12
5786,10,2,26,23-03-2014,26-08-2014,104,2,2014,8
5787,7,3,9,21-01-2015,04-03-2015,104,1,2015,3
5788,2,8,7,07-01-2015,15-05-2015,101,1,2015,5
5789,7,7,36,16-03-2015,03-06-2015,102,1,2015,6
5790,6,1,10,06-09-2014,19-02-2015,103,2,2015,2
5791,8,9,10,09-11-2014,31-01-2015,104,1,2015,1
5792,10,1,16,15-07-2014,01-09-2014,101,1,2014,9
5793,1,7,14,12-05-2014,18-08-2014,103,2,2014,8
5794,2,7,50,14-11-2014,04-02-2015,103,2,2015,2
5795,3,6,28,07-12-2014,08-02-2015,103,1,2015,2
5796,3,7,25,20-07-2014,01-01-2015,101,1,2015,1
5797,1,4,18,19-10-2014,25-01-2015,101,1,2015,1
5798,4,10,29,07-11-2014,08-04-2015,100,1,2015,4
5799,2,1,7,18-10-2014,08-03-2015,100,2,2015,3
5800,7,8,47,24-11-2014,10-05-2015,100,2,2015,5
5801,4,2,34,30-10-2014,26-03-2015,100,1,2015,3
5802,8,1,15,15-12-2014,14-03-2015,105,1,2015,3
5803,2,2,49,05-05-2014,01-08-2014,105,1,2014,8
5804,8,3,10,17-02-2015,21-04-2015,101,1,2015,4
5805,10,10,48,13-06-2014,26-08-2014,101,2,2014,8
5806,6,4,36,01-06-2014,04-10-2014,103,2,2014,10
5807,3,3,27,27-03-2014,07-08-2014,101,2,2014,8
5808,10,10,7,05-03-2014,20-07-2014,104,2,2014,7
5809,3,3,44,08-04-2014,13-07-2014,100,1,2014,7
5810,10,2,15,28-03-2015,03-05-2015,104,2,2015,5
5811,4,1,14,26-11-2014,28-04-2015,103,1,2015,4
5812,3,9,46,25-02-2015,06-05-2015,103,1,2015,5
5813,10,10,8,17-07-2014,08-10-2014,104,1,2014,10
5814,1,5,23,11-10-2014,02-04-2015,105,2,2015,4
5815,2,7,43,12-05-2014,29-10-2014,101,1,2014,10
5816,5,8,9,08-03-2015,01-05-2015,102,1,2015,5
5817,10,2,10,28-02-2015,10-04-2015,105,2,2015,4
5818,6,6,13,21-08-2014,26-10-2014,102,2,2014,10
5819,6,10,18,02-06-2014,13-11-2014,103,1,2014,11
5820,7,1,34,10-09-2014,09-11-2014,105,1,2014,11
5821,9,3,2,16-07-2014,15-12-2014,104,1,2014,12
5822,5,8,50,06-11-2014,26-12-2014,104,2,2014,12
5823,4,3,13,10-01-2015,02-06-2015,104,1,2015,6
5824,7,5,17,02-08-2014,19-10-2014,104,2,2014,10
5825,9,6,32,18-05-2014,24-08-2014,102,2,2014,8
5826,6,2,14,17-08-2014,19-10-2014,101,2,2014,10
5827,4,10,42,21-03-2014,31-08-2014,103,2,2014,8
5828,5,4,1,30-08-2014,19-12-2014,105,1,2014,12
5829,3,7,22,03-07-2014,05-08-2014,104,2,2014,8
5830,7,4,4,05-12-2014,19-05-2015,104,2,2015,5
5831,9,6,19,13-06-2014,11-10-2014,103,1,2014,10
5832,5,3,2,08-11-2014,20-02-2015,102,2,2015,2
5833,10,10,9,08-01-2015,17-03-2015,104,1,2015,3
5834,7,5,47,07-06-2014,03-11-2014,101,1,2014,11
5835,5,1,13,21-06-2014,30-10-2014,103,2,2014,10
5836,1,3,17,28-12-2014,26-02-2015,105,1,2015,2
5837,6,5,37,12-09-2014,26-10-2014,105,1,2014,10
5838,4,10,10,17-07-2014,19-10-2014,102,1,2014,10
5839,10,5,19,05-01-2015,09-02-2015,100,2,2015,2
5840,3,4,2,13-01-2015,14-03-2015,101,2,2015,3
5841,10,5,28,17-01-2015,28-02-2015,101,2,2015,2
5842,7,5,44,28-05-2014,10-07-2014,105,2,2014,7
5843,9,5,24,04-03-2015,24-05-2015,102,1,2015,5
5844,2,10,14,24-06-2014,10-08-2014,104,2,2014,8
5845,7,2,41,18-03-2014,20-07-2014,102,1,2014,7
5846,8,1,36,19-11-2014,13-03-2015,103,1,2015,3
5847,1,7,11,21-12-2014,17-02-2015,105,2,2015,2
5848,10,9,5,26-02-2015,02-06-2015,104,1,2015,6
5849,8,3,25,12-04-2015,16-06-2015,102,1,2015,6
5850,10,6,21,20-06-2014,12-09-2014,102,2,2014,9
5851,2,1,13,16-06-2014,21-07-2014,105,2,2014,7
5852,1,5,12,25-01-2015,24-03-2015,102,2,2015,3
5853,5,2,16,03-04-2014,30-08-2014,101,1,2014,8
5854,6,10,47,17-02-2014,21-07-2014,103,2,2014,7
5855,5,8,49,03-06-2014,24-07-2014,101,1,2014,7
5856,2,10,49,05-04-2014,26-07-2014,102,2,2014,7
5857,9,5,27,13-10-2014,28-01-2015,102,2,2015,1
5858,9,2,31,01-02-2015,23-06-2015,101,1,2015,6
5859,1,3,34,07-07-2014,22-08-2014,104,2,2014,8
5860,9,7,29,05-04-2015,21-05-2015,101,1,2015,5
5861,8,7,45,01-09-2014,08-02-2015,102,2,2015,2
5862,7,4,12,13-02-2015,15-03-2015,104,2,2015,3
5863,8,7,42,18-03-2015,21-06-2015,100,1,2015,6
5864,1,8,30,25-07-2014,18-10-2014,105,1,2014,10
5865,1,5,6,21-06-2014,08-10-2014,103,2,2014,10
5866,3,10,30,09-11-2014,16-02-2015,104,2,2015,2
5867,10,5,14,12-09-2014,22-02-2015,105,2,2015,2
5868,6,3,28,14-06-2014,27-09-2014,100,2,2014,9
5869,1,9,47,12-12-2014,31-03-2015,102,1,2015,3
5870,9,3,32,04-12-2014,26-02-2015,105,1,2015,2
5871,10,10,22,16-09-2014,06-01-2015,103,1,2015,1
5872,7,8,33,15-06-2014,31-08-2014,100,2,2014,8
5873,6,6,12,17-10-2014,09-02-2015,103,2,2015,2
5874,3,3,3,19-11-2014,17-01-2015,105,2,2015,1
5875,5,10,29,27-09-2014,07-02-2015,100,1,2015,2
5876,6,8,7,11-07-2014,20-09-2014,102,2,2014,9
5877,4,6,5,26-08-2014,29-11-2014,105,1,2014,11
5878,6,9,36,13-04-2014,23-07-2014,105,2,2014,7
5879,5,5,24,08-06-2014,11-11-2014,103,1,2014,11
5880,10,5,30,31-10-2014,02-12-2014,100,1,2014,12
5881,3,3,2,03-02-2014,24-07-2014,100,2,2014,7
5882,8,1,36,23-09-2014,26-01-2015,100,2,2015,1
5883,1,3,25,22-06-2014,13-12-2014,100,2,2014,12
5884,2,9,40,14-05-2014,07-09-2014,105,2,2014,9
5885,6,4,30,24-01-2014,05-07-2014,102,1,2014,7
5886,4,10,27,15-09-2014,13-12-2014,105,1,2014,12
5887,5,9,30,11-09-2014,31-10-2014,103,2,2014,10
5888,10,7,18,10-06-2014,16-09-2014,103,1,2014,9
5889,8,4,33,17-12-2014,02-02-2015,103,2,2015,2
5890,3,10,35,03-06-2014,08-11-2014,104,1,2014,11
5891,4,2,32,21-09-2014,29-11-2014,100,1,2014,11
5892,2,6,12,09-04-2014,06-08-2014,102,1,2014,8
5893,10,2,1,19-04-2014,20-09-2014,104,2,2014,9
5894,4,6,32,22-03-2014,10-07-2014,102,2,2014,7
5895,4,5,23,25-04-2014,06-07-2014,104,1,2014,7
5896,5,6,38,22-05-2014,15-10-2014,103,2,2014,10
5897,4,1,19,17-11-2014,02-03-2015,100,1,2015,3
5898,4,4,48,26-05-2014,05-09-2014,100,2,2014,9
5899,10,8,14,27-04-2015,08-06-2015,104,1,2015,6
5900,3,2,38,07-02-2015,01-05-2015,105,2,2015,5
5901,7,7,36,27-01-2015,18-04-2015,104,1,2015,4
5902,2,8,2,26-05-2014,28-08-2014,100,2,2014,8
5903,1,4,39,11-03-2015,03-06-2015,105,1,2015,6
5904,8,2,33,13-02-2015,06-06-2015,100,1,2015,6
5905,3,4,47,10-11-2014,10-01-2015,104,1,2015,1
5906,7,8,25,08-02-2014,04-08-2014,101,2,2014,8
5907,2,3,50,17-09-2014,24-10-2014,100,2,2014,10
5908,9,3,42,27-07-2014,28-10-2014,105,2,2014,10
5909,1,3,30,29-11-2014,18-05-2015,100,2,2015,5
5910,2,8,9,18-10-2014,17-12-2014,100,1,2014,12
5911,3,3,5,31-07-2014,27-12-2014,101,2,2014,12
5912,3,10,9,22-05-2014,06-10-2014,103,2,2014,10
5913,10,7,34,25-02-2014,16-07-2014,102,1,2014,7
5914,2,4,40,15-10-2014,18-11-2014,104,2,2014,11
5915,9,7,47,15-06-2014,17-09-2014,100,1,2014,9
5916,7,3,46,20-05-2014,24-09-2014,100,1,2014,9
5917,4,5,46,28-10-2014,15-01-2015,100,1,2015,1
5918,5,7,36,25-12-2014,01-05-2015,104,1,2015,5
5919,8,1,24,10-05-2014,06-10-2014,103,1,2014,10
5920,8,1,27,17-09-2014,19-02-2015,105,1,2015,2
5921,2,4,20,28-09-2014,18-12-2014,100,2,2014,12
5922,5,1,5,19-01-2015,07-03-2015,100,2,2015,3
5923,3,10,26,23-08-2014,19-01-2015,101,1,2015,1
5924,8,4,13,21-03-2014,29-07-2014,104,2,2014,7
5925,1,9,41,31-05-2014,16-07-2014,103,2,2014,7
5926,6,10,36,02-04-2014,09-09-2014,100,1,2014,9
5927,10,3,11,22-03-2015,30-05-2015,105,1,2015,5
5928,3,4,9,02-02-2015,09-06-2015,100,2,2015,6
5929,6,5,26,08-11-2014,13-12-2014,102,1,2014,12
5930,1,1,39,07-10-2014,18-01-2015,103,2,2015,1
5931,4,9,17,05-02-2015,01-04-2015,105,1,2015,4
5932,2,4,29,13-04-2014,10-07-2014,102,2,2014,7
5933,7,8,42,30-03-2014,28-07-2014,103,2,2014,7
5934,3,1,24,17-04-2014,11-08-2014,100,2,2014,8
5935,9,4,23,29-06-2014,28-11-2014,101,2,2014,11
5936,8,1,46,27-12-2014,10-04-2015,103,1,2015,4
5937,1,7,49,11-09-2014,07-01-2015,103,2,2015,1
5938,3,2,30,23-05-2014,29-08-2014,101,1,2014,8
5939,7,5,32,13-12-2014,13-03-2015,100,2,2015,3
5940,4,6,50,04-01-2015,21-04-2015,102,2,2015,4
5941,2,9,6,24-05-2014,14-11-2014,102,1,2014,11
5942,9,8,26,06-11-2014,02-05-2015,101,1,2015,5
5943,7,1,21,09-01-2015,02-03-2015,104,1,2015,3
5944,4,9,20,26-12-2014,23-02-2015,102,1,2015,2
5945,10,4,11,04-09-2014,12-01-2015,105,1,2015,1
5946,1,6,47,17-09-2014,06-11-2014,105,1,2014,11
5947,5,9,14,29-05-2014,24-07-2014,103,2,2014,7
5948,4,7,47,07-11-2014,02-01-2015,103,2,2015,1
5949,8,7,7,10-02-2015,06-05-2015,101,2,2015,5
5950,10,9,35,03-05-2014,24-09-2014,103,2,2014,9
5951,8,5,25,11-01-2015,07-03-2015,103,1,2015,3
5952,2,9,19,26-04-2014,08-10-2014,103,2,2014,10
5953,8,3,28,24-04-2014,23-08-2014,103,2,2014,8
5954,10,6,28,04-03-2015,13-05-2015,102,2,2015,5
5955,5,4,50,12-09-2014,28-12-2014,100,1,2014,12
5956,1,8,40,24-01-2015,23-06-2015,104,2,2015,6
5957,6,5,35,24-01-2015,18-05-2015,105,2,2015,5
5958,7,4,43,10-06-2014,25-10-2014,100,2,2014,10
5959,2,8,13,02-07-2014,21-08-2014,101,2,2014,8
5960,2,9,22,06-04-2014,02-09-2014,102,1,2014,9
5961,2,9,2,19-09-2014,02-01-2015,104,2,2015,1
5962,8,1,2,20-08-2014,26-10-2014,105,2,2014,10
5963,4,8,35,13-12-2014,16-03-2015,101,2,2015,3
5964,3,9,44,13-02-2015,09-05-2015,101,2,2015,5
5965,7,8,32,15-05-2014,26-10-2014,105,2,2014,10
5966,3,8,3,11-01-2015,05-05-2015,102,1,2015,5
5967,6,4,20,06-11-2014,07-04-2015,100,2,2015,4
5968,4,7,44,04-11-2014,26-04-2015,105,1,2015,4
5969,8,10,6,30-04-2014,04-10-2014,100,2,2014,10
5970,4,6,48,02-12-2014,12-01-2015,105,2,2015,1
5971,5,3,31,23-06-2014,21-11-2014,102,1,2014,11
5972,10,5,38,01-06-2014,16-09-2014,100,1,2014,9
5973,2,2,11,16-05-2014,04-07-2014,100,2,2014,7
5974,8,8,2,13-09-2014,08-01-2015,104,2,2015,1
5975,10,9,24,18-09-2014,07-02-2015,104,2,2015,2
5976,10,4,7,16-01-2015,08-05-2015,103,2,2015,5
5977,4,2,25,07-07-2014,23-12-2014,100,1,2014,12
5978,7,4,49,17-09-2014,29-12-2014,103,1,2014,12
5979,2,10,8,15-04-2014,12-08-2014,104,1,2014,8
5980,4,5,11,08-05-2015,17-06-2015,105,2,2015,6
5981,4,6,41,14-01-2015,05-06-2015,102,1,2015,6
5982,10,3,46,29-12-2014,16-02-2015,102,1,2015,2
5983,3,10,24,08-10-2014,23-12-2014,100,2,2014,12
5984,3,10,2,23-09-2014,08-03-2015,104,1,2015,3
5985,6,7,9,13-06-2014,12-09-2014,104,1,2014,9
5986,5,3,45,13-06-2014,18-10-2014,105,1,2014,10
5987,4,10,40,07-12-2014,28-03-2015,105,2,2015,3
5988,6,3,3,29-09-2014,12-12-2014,101,1,2014,12
5989,10,7,10,31-10-2014,04-01-2015,105,1,2015,1
5990,9,5,3,24-04-2015,08-06-2015,102,1,2015,6
5991,8,9,47,09-06-2014,30-10-2014,100,1,2014,10
5992,10,5,42,25-08-2014,31-10-2014,100,1,2014,10
5993,6,4,27,08-09-2014,20-01-2015,104,2,2015,1
5994,6,10,8,29-04-2014,17-08-2014,100,2,2014,8
5995,9,6,40,07-07-2014,20-09-2014,101,2,2014,9
5996,9,9,20,15-10-2014,09-03-2015,101,2,2015,3
5997,9,10,13,10-05-2014,29-10-2014,102,2,2014,10
5998,7,1,48,05-01-2015,08-03-2015,103,2,2015,3
5999,1,5,39,09-08-2014,29-01-2015,102,1,2015,1
6000,7,5,35,12-08-2014,05-01-2015,102,2,2015,1
6001,7,9,41,19-10-2014,20-02-2015,105,1,2015,2
6002,2,5,49,12-04-2014,05-09-2014,100,1,2014,9
6003,2,2,25,18-03-2014,12-07-2014,100,1,2014,7
6004,8,1,2,01-01-2015,11-05-2015,104,1,2015,5
6005,2,3,49,04-06-2014,27-11-2014,103,2,2014,11
6006,8,3,49,27-02-2015,28-05-2015,105,2,2015,5
6007,6,6,12,29-05-2014,06-10-2014,101,2,2014,10
6008,6,8,3,21-09-2014,22-02-2015,102,2,2015,2
6009,2,3,46,12-11-2014,02-04-2015,105,1,2015,4
6010,5,6,48,06-08-2014,16-12-2014,105,2,2014,12
6011,10,5,16,06-12-2014,27-05-2015,104,1,2015,5
6012,7,8,4,23-03-2015,01-05-2015,103,1,2015,5
6013,6,8,31,05-03-2015,09-04-2015,100,2,2015,4
6014,5,8,8,05-05-2014,24-10-2014,103,1,2014,10
6015,4,4,45,10-04-2015,27-05-2015,100,1,2015,5
6016,8,8,41,28-02-2014,28-07-2014,105,1,2014,7
6017,6,8,49,30-09-2014,13-02-2015,103,1,2015,2
6018,3,8,26,06-08-2014,06-01-2015,102,2,2015,1
6019,9,2,38,03-01-2015,22-05-2015,103,1,2015,5
6020,9,7,3,02-02-2015,25-03-2015,101,2,2015,3
6021,4,4,35,17-09-2014,29-10-2014,103,1,2014,10
6022,10,3,18,01-07-2014,07-09-2014,105,2,2014,9
6023,5,1,50,16-09-2014,05-11-2014,102,2,2014,11
6024,9,10,20,06-10-2014,15-01-2015,105,2,2015,1
6025,2,9,3,01-12-2014,12-03-2015,100,2,2015,3
6026,10,10,29,28-07-2014,01-10-2014,103,1,2014,10
6027,3,1,32,23-07-2014,09-01-2015,100,1,2015,1
6028,9,10,19,21-07-2014,08-10-2014,100,2,2014,10
6029,8,6,23,01-11-2014,19-04-2015,103,2,2015,4
6030,10,4,3,01-07-2014,28-09-2014,104,1,2014,9
6031,4,4,2,05-08-2014,07-09-2014,103,1,2014,9
6032,9,7,47,01-05-2014,28-10-2014,103,1,2014,10
6033,10,9,7,05-06-2014,12-11-2014,100,2,2014,11
6034,2,5,47,24-12-2014,08-03-2015,102,2,2015,3
6035,10,7,29,04-12-2014,11-05-2015,100,1,2015,5
6036,1,3,22,15-12-2014,05-06-2015,100,1,2015,6
6037,10,6,24,26-09-2014,02-11-2014,103,2,2014,11
6038,6,5,10,31-05-2014,26-08-2014,103,1,2014,8
6039,6,10,14,02-10-2014,22-01-2015,105,1,2015,1
6040,7,10,18,20-06-2014,22-07-2014,104,2,2014,7
6041,4,8,28,21-10-2014,06-01-2015,104,1,2015,1
6042,6,7,29,13-09-2014,21-11-2014,104,1,2014,11
6043,10,3,14,28-07-2014,27-12-2014,103,2,2014,12
6044,2,7,34,06-09-2014,28-10-2014,105,2,2014,10
6045,10,5,42,18-03-2015,15-05-2015,100,2,2015,5
6046,10,8,40,15-04-2014,24-08-2014,104,1,2014,8
6047,6,4,31,02-02-2014,11-07-2014,100,2,2014,7
6048,9,4,50,05-12-2014,13-04-2015,103,2,2015,4
6049,6,8,18,04-09-2014,09-11-2014,101,2,2014,11
6050,1,1,40,30-10-2014,19-04-2015,105,2,2015,4
6051,8,7,34,20-04-2015,31-05-2015,102,1,2015,5
6052,10,2,41,04-11-2014,27-12-2014,102,1,2014,12
6053,8,1,9,26-08-2014,01-12-2014,100,1,2014,12
6054,8,6,35,29-08-2014,22-02-2015,103,2,2015,2
6055,2,8,41,06-10-2014,01-02-2015,101,1,2015,2
6056,5,6,49,26-08-2014,07-02-2015,101,1,2015,2
6057,2,3,46,06-01-2015,07-02-2015,104,1,2015,2
6058,4,2,5,21-11-2014,20-02-2015,103,1,2015,2
6059,4,8,2,09-07-2014,24-08-2014,105,1,2014,8
6060,5,2,24,23-02-2014,08-07-2014,103,2,2014,7
6061,6,7,8,06-11-2014,05-01-2015,101,1,2015,1
6062,9,7,45,17-03-2014,20-07-2014,104,1,2014,7
6063,2,10,34,18-08-2014,04-02-2015,105,1,2015,2
6064,9,6,50,04-07-2014,02-09-2014,104,2,2014,9
6065,1,6,43,05-07-2014,17-08-2014,100,2,2014,8
6066,5,1,10,20-07-2014,30-10-2014,101,1,2014,10
6067,6,3,25,07-03-2015,18-04-2015,101,2,2015,4
6068,6,8,13,04-08-2014,18-12-2014,101,1,2014,12
6069,8,1,15,17-04-2014,31-07-2014,105,2,2014,7
6070,9,7,18,21-09-2014,17-12-2014,102,1,2014,12
6071,6,2,38,23-11-2014,14-04-2015,101,1,2015,4
6072,5,4,45,02-12-2014,24-02-2015,100,1,2015,2
6073,10,1,3,31-05-2014,05-09-2014,103,2,2014,9
6074,7,5,38,01-12-2014,01-03-2015,102,2,2015,3
6075,1,10,44,15-05-2014,26-07-2014,105,1,2014,7
6076,7,2,22,11-11-2014,21-02-2015,105,1,2015,2
6077,6,3,44,15-12-2014,24-05-2015,102,2,2015,5
6078,1,7,27,18-09-2014,27-12-2014,100,1,2014,12
6079,5,8,23,07-04-2015,30-05-2015,100,1,2015,5
6080,7,3,37,16-07-2014,03-09-2014,104,1,2014,9
6081,7,6,42,12-09-2014,03-03-2015,100,2,2015,3
6082,9,3,17,21-01-2015,16-03-2015,100,1,2015,3
6083,10,7,32,14-08-2014,15-01-2015,105,1,2015,1
6084,1,1,50,01-02-2015,09-03-2015,102,1,2015,3
6085,4,7,11,04-06-2014,20-07-2014,102,2,2014,7
6086,8,4,21,14-01-2015,16-02-2015,104,2,2015,2
6087,4,1,42,25-09-2014,20-11-2014,102,2,2014,11
6088,2,5,50,10-10-2014,17-03-2015,101,2,2015,3
6089,6,4,42,25-09-2014,04-11-2014,104,1,2014,11
6090,3,4,32,13-06-2014,30-08-2014,103,2,2014,8
6091,5,2,8,15-11-2014,14-02-2015,103,1,2015,2
